economy,period,ai_diffusion_pct,published_rank,document,publisher,url
United Arab Emirates,2026-Q2,73.3,1,"Microsoft AI Economy Institute, Global AI Diffusion Q2 2026 (September 2026)",Microsoft,https://www.microsoft.com/en-us/research/wp-content/uploads/2026/09/Microsoft-AI-Diffusion-Report-2026-Q2.pdf
United Arab Emirates,2026-Q1,70.1,,"Microsoft AI Economy Institute, Global AI Diffusion Q2 2026 (September 2026)",Microsoft,https://www.microsoft.com/en-us/research/wp-content/uploads/2026/09/Microsoft-AI-Diffusion-Report-2026-Q2.pdf
Singapore,2026-Q2,64.3,2,"Microsoft AI Economy Institute, Global AI Diffusion Q2 2026 (September 2026)",Microsoft,https://www.microsoft.com/en-us/research/wp-content/uploads/2026/09/Microsoft-AI-Diffusion-Report-2026-Q2.pdf
Singapore,2026-Q1,63.4,,"Microsoft AI Economy Institute, Global AI Diffusion Q2 2026 (September 2026)",Microsoft,https://www.microsoft.com/en-us/research/wp-content/uploads/2026/09/Microsoft-AI-Diffusion-Report-2026-Q2.pdf
Ireland,2026-Q2,49.9,3,"Microsoft AI Economy Institute, Global AI Diffusion Q2 2026 (September 2026)",Microsoft,https://www.microsoft.com/en-us/research/wp-content/uploads/2026/09/Microsoft-AI-Diffusion-Report-2026-Q2.pdf
Ireland,2026-Q1,48.4,,"Microsoft AI Economy Institute, Global AI Diffusion Q2 2026 (September 2026)",Microsoft,https://www.microsoft.com/en-us/research/wp-content/uploads/2026/09/Microsoft-AI-Diffusion-Report-2026-Q2.pdf
France,2026-Q2,49.6,4,"Microsoft AI Economy Institute, Global AI Diffusion Q2 2026 (September 2026)",Microsoft,https://www.microsoft.com/en-us/research/wp-content/uploads/2026/09/Microsoft-AI-Diffusion-Report-2026-Q2.pdf
France,2026-Q1,47.8,,"Microsoft AI Economy Institute, Global AI Diffusion Q2 2026 (September 2026)",Microsoft,https://www.microsoft.com/en-us/research/wp-content/uploads/2026/09/Microsoft-AI-Diffusion-Report-2026-Q2.pdf
Norway,2026-Q2,49.4,5,"Microsoft AI Economy Institute, Global AI Diffusion Q2 2026 (September 2026)",Microsoft,https://www.microsoft.com/en-us/research/wp-content/uploads/2026/09/Microsoft-AI-Diffusion-Report-2026-Q2.pdf
Norway,2026-Q1,48.6,,"Microsoft AI Economy Institute, Global AI Diffusion Q2 2026 (September 2026)",Microsoft,https://www.microsoft.com/en-us/research/wp-content/uploads/2026/09/Microsoft-AI-Diffusion-Report-2026-Q2.pdf
Spain,2026-Q2,45.1,6,"Microsoft AI Economy Institute, Global AI Diffusion Q2 2026 (September 2026)",Microsoft,https://www.microsoft.com/en-us/research/wp-content/uploads/2026/09/Microsoft-AI-Diffusion-Report-2026-Q2.pdf
Spain,2026-Q1,44.2,,"Microsoft AI Economy Institute, Global AI Diffusion Q2 2026 (September 2026)",Microsoft,https://www.microsoft.com/en-us/research/wp-content/uploads/2026/09/Microsoft-AI-Diffusion-Report-2026-Q2.pdf
New Zealand,2026-Q2,44.1,7,"Microsoft AI Economy Institute, Global AI Diffusion Q2 2026 (September 2026)",Microsoft,https://www.microsoft.com/en-us/research/wp-content/uploads/2026/09/Microsoft-AI-Diffusion-Report-2026-Q2.pdf
New Zealand,2026-Q1,43.0,,"Microsoft AI Economy Institute, Global AI Diffusion Q2 2026 (September 2026)",Microsoft,https://www.microsoft.com/en-us/research/wp-content/uploads/2026/09/Microsoft-AI-Diffusion-Report-2026-Q2.pdf
United Kingdom,2026-Q2,43.7,8,"Microsoft AI Economy Institute, Global AI Diffusion Q2 2026 (September 2026)",Microsoft,https://www.microsoft.com/en-us/research/wp-content/uploads/2026/09/Microsoft-AI-Diffusion-Report-2026-Q2.pdf
United Kingdom,2026-Q1,42.2,,"Microsoft AI Economy Institute, Global AI Diffusion Q2 2026 (September 2026)",Microsoft,https://www.microsoft.com/en-us/research/wp-content/uploads/2026/09/Microsoft-AI-Diffusion-Report-2026-Q2.pdf
Netherlands,2026-Q2,43.5,9,"Microsoft AI Economy Institute, Global AI Diffusion Q2 2026 (September 2026)",Microsoft,https://www.microsoft.com/en-us/research/wp-content/uploads/2026/09/Microsoft-AI-Diffusion-Report-2026-Q2.pdf
Netherlands,2026-Q1,42.1,,"Microsoft AI Economy Institute, Global AI Diffusion Q2 2026 (September 2026)",Microsoft,https://www.microsoft.com/en-us/research/wp-content/uploads/2026/09/Microsoft-AI-Diffusion-Report-2026-Q2.pdf
Qatar,2026-Q2,43.5,10,"Microsoft AI Economy Institute, Global AI Diffusion Q2 2026 (September 2026)",Microsoft,https://www.microsoft.com/en-us/research/wp-content/uploads/2026/09/Microsoft-AI-Diffusion-Report-2026-Q2.pdf
Qatar,2026-Q1,41.8,,"Microsoft AI Economy Institute, Global AI Diffusion Q2 2026 (September 2026)",Microsoft,https://www.microsoft.com/en-us/research/wp-content/uploads/2026/09/Microsoft-AI-Diffusion-Report-2026-Q2.pdf
Australia,2026-Q2,40.7,11,"Microsoft AI Economy Institute, Global AI Diffusion Q2 2026 (September 2026)",Microsoft,https://www.microsoft.com/en-us/research/wp-content/uploads/2026/09/Microsoft-AI-Diffusion-Report-2026-Q2.pdf
Australia,2026-Q1,39.5,,"Microsoft AI Economy Institute, Global AI Diffusion Q2 2026 (September 2026)",Microsoft,https://www.microsoft.com/en-us/research/wp-content/uploads/2026/09/Microsoft-AI-Diffusion-Report-2026-Q2.pdf
South Korea,2026-Q2,40.6,12,"Microsoft AI Economy Institute, Global AI Diffusion Q2 2026 (September 2026)",Microsoft,https://www.microsoft.com/en-us/research/wp-content/uploads/2026/09/Microsoft-AI-Diffusion-Report-2026-Q2.pdf
South Korea,2026-Q1,37.1,,"Microsoft AI Economy Institute, Global AI Diffusion Q2 2026 (September 2026)",Microsoft,https://www.microsoft.com/en-us/research/wp-content/uploads/2026/09/Microsoft-AI-Diffusion-Report-2026-Q2.pdf
Belgium,2026-Q2,40.3,13,"Microsoft AI Economy Institute, Global AI Diffusion Q2 2026 (September 2026)",Microsoft,https://www.microsoft.com/en-us/research/wp-content/uploads/2026/09/Microsoft-AI-Diffusion-Report-2026-Q2.pdf
Belgium,2026-Q1,39.0,,"Microsoft AI Economy Institute, Global AI Diffusion Q2 2026 (September 2026)",Microsoft,https://www.microsoft.com/en-us/research/wp-content/uploads/2026/09/Microsoft-AI-Diffusion-Report-2026-Q2.pdf
Switzerland,2026-Q2,39.1,14,"Microsoft AI Economy Institute, Global AI Diffusion Q2 2026 (September 2026)",Microsoft,https://www.microsoft.com/en-us/research/wp-content/uploads/2026/09/Microsoft-AI-Diffusion-Report-2026-Q2.pdf
Switzerland,2026-Q1,37.8,,"Microsoft AI Economy Institute, Global AI Diffusion Q2 2026 (September 2026)",Microsoft,https://www.microsoft.com/en-us/research/wp-content/uploads/2026/09/Microsoft-AI-Diffusion-Report-2026-Q2.pdf
Israel,2026-Q2,38.7,15,"Microsoft AI Economy Institute, Global AI Diffusion Q2 2026 (September 2026)",Microsoft,https://www.microsoft.com/en-us/research/wp-content/uploads/2026/09/Microsoft-AI-Diffusion-Report-2026-Q2.pdf
Israel,2026-Q1,38.1,,"Microsoft AI Economy Institute, Global AI Diffusion Q2 2026 (September 2026)",Microsoft,https://www.microsoft.com/en-us/research/wp-content/uploads/2026/09/Microsoft-AI-Diffusion-Report-2026-Q2.pdf
Canada,2026-Q2,38.5,16,"Microsoft AI Economy Institute, Global AI Diffusion Q2 2026 (September 2026)",Microsoft,https://www.microsoft.com/en-us/research/wp-content/uploads/2026/09/Microsoft-AI-Diffusion-Report-2026-Q2.pdf
Canada,2026-Q1,37.3,,"Microsoft AI Economy Institute, Global AI Diffusion Q2 2026 (September 2026)",Microsoft,https://www.microsoft.com/en-us/research/wp-content/uploads/2026/09/Microsoft-AI-Diffusion-Report-2026-Q2.pdf
Sweden,2026-Q2,37.3,17,"Microsoft AI Economy Institute, Global AI Diffusion Q2 2026 (September 2026)",Microsoft,https://www.microsoft.com/en-us/research/wp-content/uploads/2026/09/Microsoft-AI-Diffusion-Report-2026-Q2.pdf
Sweden,2026-Q1,36.1,,"Microsoft AI Economy Institute, Global AI Diffusion Q2 2026 (September 2026)",Microsoft,https://www.microsoft.com/en-us/research/wp-content/uploads/2026/09/Microsoft-AI-Diffusion-Report-2026-Q2.pdf
Austria,2026-Q2,35.4,18,"Microsoft AI Economy Institute, Global AI Diffusion Q2 2026 (September 2026)",Microsoft,https://www.microsoft.com/en-us/research/wp-content/uploads/2026/09/Microsoft-AI-Diffusion-Report-2026-Q2.pdf
Austria,2026-Q1,34.1,,"Microsoft AI Economy Institute, Global AI Diffusion Q2 2026 (September 2026)",Microsoft,https://www.microsoft.com/en-us/research/wp-content/uploads/2026/09/Microsoft-AI-Diffusion-Report-2026-Q2.pdf
Taiwan,2026-Q2,33.8,19,"Microsoft AI Economy Institute, Global AI Diffusion Q2 2026 (September 2026)",Microsoft,https://www.microsoft.com/en-us/research/wp-content/uploads/2026/09/Microsoft-AI-Diffusion-Report-2026-Q2.pdf
Taiwan,2026-Q1,31.8,,"Microsoft AI Economy Institute, Global AI Diffusion Q2 2026 (September 2026)",Microsoft,https://www.microsoft.com/en-us/research/wp-content/uploads/2026/09/Microsoft-AI-Diffusion-Report-2026-Q2.pdf
Hungary,2026-Q2,33.3,20,"Microsoft AI Economy Institute, Global AI Diffusion Q2 2026 (September 2026)",Microsoft,https://www.microsoft.com/en-us/research/wp-content/uploads/2026/09/Microsoft-AI-Diffusion-Report-2026-Q2.pdf
Hungary,2026-Q1,32.2,,"Microsoft AI Economy Institute, Global AI Diffusion Q2 2026 (September 2026)",Microsoft,https://www.microsoft.com/en-us/research/wp-content/uploads/2026/09/Microsoft-AI-Diffusion-Report-2026-Q2.pdf
United States,2026-Q2,33.0,21,"Microsoft AI Economy Institute, Global AI Diffusion Q2 2026 (September 2026)",Microsoft,https://www.microsoft.com/en-us/research/wp-content/uploads/2026/09/Microsoft-AI-Diffusion-Report-2026-Q2.pdf
United States,2026-Q1,31.3,,"Microsoft AI Economy Institute, Global AI Diffusion Q2 2026 (September 2026)",Microsoft,https://www.microsoft.com/en-us/research/wp-content/uploads/2026/09/Microsoft-AI-Diffusion-Report-2026-Q2.pdf
Denmark,2026-Q2,32.4,22,"Microsoft AI Economy Institute, Global AI Diffusion Q2 2026 (September 2026)",Microsoft,https://www.microsoft.com/en-us/research/wp-content/uploads/2026/09/Microsoft-AI-Diffusion-Report-2026-Q2.pdf
Denmark,2026-Q1,31.2,,"Microsoft AI Economy Institute, Global AI Diffusion Q2 2026 (September 2026)",Microsoft,https://www.microsoft.com/en-us/research/wp-content/uploads/2026/09/Microsoft-AI-Diffusion-Report-2026-Q2.pdf
Germany,2026-Q2,32.3,23,"Microsoft AI Economy Institute, Global AI Diffusion Q2 2026 (September 2026)",Microsoft,https://www.microsoft.com/en-us/research/wp-content/uploads/2026/09/Microsoft-AI-Diffusion-Report-2026-Q2.pdf
Germany,2026-Q1,31.1,,"Microsoft AI Economy Institute, Global AI Diffusion Q2 2026 (September 2026)",Microsoft,https://www.microsoft.com/en-us/research/wp-content/uploads/2026/09/Microsoft-AI-Diffusion-Report-2026-Q2.pdf
Poland,2026-Q2,32.3,24,"Microsoft AI Economy Institute, Global AI Diffusion Q2 2026 (September 2026)",Microsoft,https://www.microsoft.com/en-us/research/wp-content/uploads/2026/09/Microsoft-AI-Diffusion-Report-2026-Q2.pdf
Poland,2026-Q1,31.0,,"Microsoft AI Economy Institute, Global AI Diffusion Q2 2026 (September 2026)",Microsoft,https://www.microsoft.com/en-us/research/wp-content/uploads/2026/09/Microsoft-AI-Diffusion-Report-2026-Q2.pdf
Saudi Arabia,2026-Q2,31.4,25,"Microsoft AI Economy Institute, Global AI Diffusion Q2 2026 (September 2026)",Microsoft,https://www.microsoft.com/en-us/research/wp-content/uploads/2026/09/Microsoft-AI-Diffusion-Report-2026-Q2.pdf
Saudi Arabia,2026-Q1,29.4,,"Microsoft AI Economy Institute, Global AI Diffusion Q2 2026 (September 2026)",Microsoft,https://www.microsoft.com/en-us/research/wp-content/uploads/2026/09/Microsoft-AI-Diffusion-Report-2026-Q2.pdf
Italy,2026-Q2,31.4,26,"Microsoft AI Economy Institute, Global AI Diffusion Q2 2026 (September 2026)",Microsoft,https://www.microsoft.com/en-us/research/wp-content/uploads/2026/09/Microsoft-AI-Diffusion-Report-2026-Q2.pdf
Italy,2026-Q1,30.2,,"Microsoft AI Economy Institute, Global AI Diffusion Q2 2026 (September 2026)",Microsoft,https://www.microsoft.com/en-us/research/wp-content/uploads/2026/09/Microsoft-AI-Diffusion-Report-2026-Q2.pdf
Czech Republic,2026-Q2,31.2,27,"Microsoft AI Economy Institute, Global AI Diffusion Q2 2026 (September 2026)",Microsoft,https://www.microsoft.com/en-us/research/wp-content/uploads/2026/09/Microsoft-AI-Diffusion-Report-2026-Q2.pdf
Czech Republic,2026-Q1,30.1,,"Microsoft AI Economy Institute, Global AI Diffusion Q2 2026 (September 2026)",Microsoft,https://www.microsoft.com/en-us/research/wp-content/uploads/2026/09/Microsoft-AI-Diffusion-Report-2026-Q2.pdf
Jordan,2026-Q2,31.2,28,"Microsoft AI Economy Institute, Global AI Diffusion Q2 2026 (September 2026)",Microsoft,https://www.microsoft.com/en-us/research/wp-content/uploads/2026/09/Microsoft-AI-Diffusion-Report-2026-Q2.pdf
Jordan,2026-Q1,29.7,,"Microsoft AI Economy Institute, Global AI Diffusion Q2 2026 (September 2026)",Microsoft,https://www.microsoft.com/en-us/research/wp-content/uploads/2026/09/Microsoft-AI-Diffusion-Report-2026-Q2.pdf
Bulgaria,2026-Q2,30.7,29,"Microsoft AI Economy Institute, Global AI Diffusion Q2 2026 (September 2026)",Microsoft,https://www.microsoft.com/en-us/research/wp-content/uploads/2026/09/Microsoft-AI-Diffusion-Report-2026-Q2.pdf
Bulgaria,2026-Q1,29.7,,"Microsoft AI Economy Institute, Global AI Diffusion Q2 2026 (September 2026)",Microsoft,https://www.microsoft.com/en-us/research/wp-content/uploads/2026/09/Microsoft-AI-Diffusion-Report-2026-Q2.pdf
Finland,2026-Q2,30.6,30,"Microsoft AI Economy Institute, Global AI Diffusion Q2 2026 (September 2026)",Microsoft,https://www.microsoft.com/en-us/research/wp-content/uploads/2026/09/Microsoft-AI-Diffusion-Report-2026-Q2.pdf
Finland,2026-Q1,29.5,,"Microsoft AI Economy Institute, Global AI Diffusion Q2 2026 (September 2026)",Microsoft,https://www.microsoft.com/en-us/research/wp-content/uploads/2026/09/Microsoft-AI-Diffusion-Report-2026-Q2.pdf
Slovenia,2026-Q2,30.1,31,"Microsoft AI Economy Institute, Global AI Diffusion Q2 2026 (September 2026)",Microsoft,https://www.microsoft.com/en-us/research/wp-content/uploads/2026/09/Microsoft-AI-Diffusion-Report-2026-Q2.pdf
Slovenia,2026-Q1,29.0,,"Microsoft AI Economy Institute, Global AI Diffusion Q2 2026 (September 2026)",Microsoft,https://www.microsoft.com/en-us/research/wp-content/uploads/2026/09/Microsoft-AI-Diffusion-Report-2026-Q2.pdf
Costa Rica,2026-Q2,29.7,32,"Microsoft AI Economy Institute, Global AI Diffusion Q2 2026 (September 2026)",Microsoft,https://www.microsoft.com/en-us/research/wp-content/uploads/2026/09/Microsoft-AI-Diffusion-Report-2026-Q2.pdf
Costa Rica,2026-Q1,28.5,,"Microsoft AI Economy Institute, Global AI Diffusion Q2 2026 (September 2026)",Microsoft,https://www.microsoft.com/en-us/research/wp-content/uploads/2026/09/Microsoft-AI-Diffusion-Report-2026-Q2.pdf
Vietnam,2026-Q2,27.9,33,"Microsoft AI Economy Institute, Global AI Diffusion Q2 2026 (September 2026)",Microsoft,https://www.microsoft.com/en-us/research/wp-content/uploads/2026/09/Microsoft-AI-Diffusion-Report-2026-Q2.pdf
Vietnam,2026-Q1,26.5,,"Microsoft AI Economy Institute, Global AI Diffusion Q2 2026 (September 2026)",Microsoft,https://www.microsoft.com/en-us/research/wp-content/uploads/2026/09/Microsoft-AI-Diffusion-Report-2026-Q2.pdf
Lebanon,2026-Q2,27.7,34,"Microsoft AI Economy Institute, Global AI Diffusion Q2 2026 (September 2026)",Microsoft,https://www.microsoft.com/en-us/research/wp-content/uploads/2026/09/Microsoft-AI-Diffusion-Report-2026-Q2.pdf
Lebanon,2026-Q1,27.3,,"Microsoft AI Economy Institute, Global AI Diffusion Q2 2026 (September 2026)",Microsoft,https://www.microsoft.com/en-us/research/wp-content/uploads/2026/09/Microsoft-AI-Diffusion-Report-2026-Q2.pdf
Oman,2026-Q2,27.6,35,"Microsoft AI Economy Institute, Global AI Diffusion Q2 2026 (September 2026)",Microsoft,https://www.microsoft.com/en-us/research/wp-content/uploads/2026/09/Microsoft-AI-Diffusion-Report-2026-Q2.pdf
Oman,2026-Q1,26.5,,"Microsoft AI Economy Institute, Global AI Diffusion Q2 2026 (September 2026)",Microsoft,https://www.microsoft.com/en-us/research/wp-content/uploads/2026/09/Microsoft-AI-Diffusion-Report-2026-Q2.pdf
Portugal,2026-Q2,27.4,36,"Microsoft AI Economy Institute, Global AI Diffusion Q2 2026 (September 2026)",Microsoft,https://www.microsoft.com/en-us/research/wp-content/uploads/2026/09/Microsoft-AI-Diffusion-Report-2026-Q2.pdf
Portugal,2026-Q1,26.4,,"Microsoft AI Economy Institute, Global AI Diffusion Q2 2026 (September 2026)",Microsoft,https://www.microsoft.com/en-us/research/wp-content/uploads/2026/09/Microsoft-AI-Diffusion-Report-2026-Q2.pdf
Croatia,2026-Q2,27.2,37,"Microsoft AI Economy Institute, Global AI Diffusion Q2 2026 (September 2026)",Microsoft,https://www.microsoft.com/en-us/research/wp-content/uploads/2026/09/Microsoft-AI-Diffusion-Report-2026-Q2.pdf
Croatia,2026-Q1,26.1,,"Microsoft AI Economy Institute, Global AI Diffusion Q2 2026 (September 2026)",Microsoft,https://www.microsoft.com/en-us/research/wp-content/uploads/2026/09/Microsoft-AI-Diffusion-Report-2026-Q2.pdf
Slovak Republic,2026-Q2,27.1,38,"Microsoft AI Economy Institute, Global AI Diffusion Q2 2026 (September 2026)",Microsoft,https://www.microsoft.com/en-us/research/wp-content/uploads/2026/09/Microsoft-AI-Diffusion-Report-2026-Q2.pdf
Slovak Republic,2026-Q1,26.1,,"Microsoft AI Economy Institute, Global AI Diffusion Q2 2026 (September 2026)",Microsoft,https://www.microsoft.com/en-us/research/wp-content/uploads/2026/09/Microsoft-AI-Diffusion-Report-2026-Q2.pdf
Colombia,2026-Q2,25.9,39,"Microsoft AI Economy Institute, Global AI Diffusion Q2 2026 (September 2026)",Microsoft,https://www.microsoft.com/en-us/research/wp-content/uploads/2026/09/Microsoft-AI-Diffusion-Report-2026-Q2.pdf
Colombia,2026-Q1,24.5,,"Microsoft AI Economy Institute, Global AI Diffusion Q2 2026 (September 2026)",Microsoft,https://www.microsoft.com/en-us/research/wp-content/uploads/2026/09/Microsoft-AI-Diffusion-Report-2026-Q2.pdf
Dominican Republic,2026-Q2,25.8,40,"Microsoft AI Economy Institute, Global AI Diffusion Q2 2026 (September 2026)",Microsoft,https://www.microsoft.com/en-us/research/wp-content/uploads/2026/09/Microsoft-AI-Diffusion-Report-2026-Q2.pdf
Dominican Republic,2026-Q1,24.8,,"Microsoft AI Economy Institute, Global AI Diffusion Q2 2026 (September 2026)",Microsoft,https://www.microsoft.com/en-us/research/wp-content/uploads/2026/09/Microsoft-AI-Diffusion-Report-2026-Q2.pdf
Uruguay,2026-Q2,25.7,41,"Microsoft AI Economy Institute, Global AI Diffusion Q2 2026 (September 2026)",Microsoft,https://www.microsoft.com/en-us/research/wp-content/uploads/2026/09/Microsoft-AI-Diffusion-Report-2026-Q2.pdf
Uruguay,2026-Q1,24.6,,"Microsoft AI Economy Institute, Global AI Diffusion Q2 2026 (September 2026)",Microsoft,https://www.microsoft.com/en-us/research/wp-content/uploads/2026/09/Microsoft-AI-Diffusion-Report-2026-Q2.pdf
Serbia,2026-Q2,25.3,42,"Microsoft AI Economy Institute, Global AI Diffusion Q2 2026 (September 2026)",Microsoft,https://www.microsoft.com/en-us/research/wp-content/uploads/2026/09/Microsoft-AI-Diffusion-Report-2026-Q2.pdf
Serbia,2026-Q1,24.1,,"Microsoft AI Economy Institute, Global AI Diffusion Q2 2026 (September 2026)",Microsoft,https://www.microsoft.com/en-us/research/wp-content/uploads/2026/09/Microsoft-AI-Diffusion-Report-2026-Q2.pdf
Lithuania,2026-Q2,25.1,43,"Microsoft AI Economy Institute, Global AI Diffusion Q2 2026 (September 2026)",Microsoft,https://www.microsoft.com/en-us/research/wp-content/uploads/2026/09/Microsoft-AI-Diffusion-Report-2026-Q2.pdf
Lithuania,2026-Q1,24.3,,"Microsoft AI Economy Institute, Global AI Diffusion Q2 2026 (September 2026)",Microsoft,https://www.microsoft.com/en-us/research/wp-content/uploads/2026/09/Microsoft-AI-Diffusion-Report-2026-Q2.pdf
Jamaica,2026-Q2,25.0,44,"Microsoft AI Economy Institute, Global AI Diffusion Q2 2026 (September 2026)",Microsoft,https://www.microsoft.com/en-us/research/wp-content/uploads/2026/09/Microsoft-AI-Diffusion-Report-2026-Q2.pdf
Jamaica,2026-Q1,24.0,,"Microsoft AI Economy Institute, Global AI Diffusion Q2 2026 (September 2026)",Microsoft,https://www.microsoft.com/en-us/research/wp-content/uploads/2026/09/Microsoft-AI-Diffusion-Report-2026-Q2.pdf
Japan,2026-Q2,24.7,45,"Microsoft AI Economy Institute, Global AI Diffusion Q2 2026 (September 2026)",Microsoft,https://www.microsoft.com/en-us/research/wp-content/uploads/2026/09/Microsoft-AI-Diffusion-Report-2026-Q2.pdf
Japan,2026-Q1,22.5,,"Microsoft AI Economy Institute, Global AI Diffusion Q2 2026 (September 2026)",Microsoft,https://www.microsoft.com/en-us/research/wp-content/uploads/2026/09/Microsoft-AI-Diffusion-Report-2026-Q2.pdf
Panama,2026-Q2,24.2,46,"Microsoft AI Economy Institute, Global AI Diffusion Q2 2026 (September 2026)",Microsoft,https://www.microsoft.com/en-us/research/wp-content/uploads/2026/09/Microsoft-AI-Diffusion-Report-2026-Q2.pdf
Panama,2026-Q1,23.3,,"Microsoft AI Economy Institute, Global AI Diffusion Q2 2026 (September 2026)",Microsoft,https://www.microsoft.com/en-us/research/wp-content/uploads/2026/09/Microsoft-AI-Diffusion-Report-2026-Q2.pdf
Chile,2026-Q2,24.0,47,"Microsoft AI Economy Institute, Global AI Diffusion Q2 2026 (September 2026)",Microsoft,https://www.microsoft.com/en-us/research/wp-content/uploads/2026/09/Microsoft-AI-Diffusion-Report-2026-Q2.pdf
Chile,2026-Q1,22.7,,"Microsoft AI Economy Institute, Global AI Diffusion Q2 2026 (September 2026)",Microsoft,https://www.microsoft.com/en-us/research/wp-content/uploads/2026/09/Microsoft-AI-Diffusion-Report-2026-Q2.pdf
South Africa,2026-Q2,23.9,48,"Microsoft AI Economy Institute, Global AI Diffusion Q2 2026 (September 2026)",Microsoft,https://www.microsoft.com/en-us/research/wp-content/uploads/2026/09/Microsoft-AI-Diffusion-Report-2026-Q2.pdf
South Africa,2026-Q1,23.1,,"Microsoft AI Economy Institute, Global AI Diffusion Q2 2026 (September 2026)",Microsoft,https://www.microsoft.com/en-us/research/wp-content/uploads/2026/09/Microsoft-AI-Diffusion-Report-2026-Q2.pdf
Argentina,2026-Q2,23.4,49,"Microsoft AI Economy Institute, Global AI Diffusion Q2 2026 (September 2026)",Microsoft,https://www.microsoft.com/en-us/research/wp-content/uploads/2026/09/Microsoft-AI-Diffusion-Report-2026-Q2.pdf
Argentina,2026-Q1,21.9,,"Microsoft AI Economy Institute, Global AI Diffusion Q2 2026 (September 2026)",Microsoft,https://www.microsoft.com/en-us/research/wp-content/uploads/2026/09/Microsoft-AI-Diffusion-Report-2026-Q2.pdf
Bosnia and Herzegovina,2026-Q2,23.2,50,"Microsoft AI Economy Institute, Global AI Diffusion Q2 2026 (September 2026)",Microsoft,https://www.microsoft.com/en-us/research/wp-content/uploads/2026/09/Microsoft-AI-Diffusion-Report-2026-Q2.pdf
Bosnia and Herzegovina,2026-Q1,22.1,,"Microsoft AI Economy Institute, Global AI Diffusion Q2 2026 (September 2026)",Microsoft,https://www.microsoft.com/en-us/research/wp-content/uploads/2026/09/Microsoft-AI-Diffusion-Report-2026-Q2.pdf
Malaysia,2026-Q2,22.6,51,"Microsoft AI Economy Institute, Global AI Diffusion Q2 2026 (September 2026)",Microsoft,https://www.microsoft.com/en-us/research/wp-content/uploads/2026/09/Microsoft-AI-Diffusion-Report-2026-Q2.pdf
Malaysia,2026-Q1,21.8,,"Microsoft AI Economy Institute, Global AI Diffusion Q2 2026 (September 2026)",Microsoft,https://www.microsoft.com/en-us/research/wp-content/uploads/2026/09/Microsoft-AI-Diffusion-Report-2026-Q2.pdf
Kuwait,2026-Q2,22.6,52,"Microsoft AI Economy Institute, Global AI Diffusion Q2 2026 (September 2026)",Microsoft,https://www.microsoft.com/en-us/research/wp-content/uploads/2026/09/Microsoft-AI-Diffusion-Report-2026-Q2.pdf
Kuwait,2026-Q1,21.1,,"Microsoft AI Economy Institute, Global AI Diffusion Q2 2026 (September 2026)",Microsoft,https://www.microsoft.com/en-us/research/wp-content/uploads/2026/09/Microsoft-AI-Diffusion-Report-2026-Q2.pdf
Georgia,2026-Q2,21.6,53,"Microsoft AI Economy Institute, Global AI Diffusion Q2 2026 (September 2026)",Microsoft,https://www.microsoft.com/en-us/research/wp-content/uploads/2026/09/Microsoft-AI-Diffusion-Report-2026-Q2.pdf
Georgia,2026-Q1,20.5,,"Microsoft AI Economy Institute, Global AI Diffusion Q2 2026 (September 2026)",Microsoft,https://www.microsoft.com/en-us/research/wp-content/uploads/2026/09/Microsoft-AI-Diffusion-Report-2026-Q2.pdf
Greece,2026-Q2,21.5,54,"Microsoft AI Economy Institute, Global AI Diffusion Q2 2026 (September 2026)",Microsoft,https://www.microsoft.com/en-us/research/wp-content/uploads/2026/09/Microsoft-AI-Diffusion-Report-2026-Q2.pdf
Greece,2026-Q1,20.8,,"Microsoft AI Economy Institute, Global AI Diffusion Q2 2026 (September 2026)",Microsoft,https://www.microsoft.com/en-us/research/wp-content/uploads/2026/09/Microsoft-AI-Diffusion-Report-2026-Q2.pdf
Mexico,2026-Q2,21.4,55,"Microsoft AI Economy Institute, Global AI Diffusion Q2 2026 (September 2026)",Microsoft,https://www.microsoft.com/en-us/research/wp-content/uploads/2026/09/Microsoft-AI-Diffusion-Report-2026-Q2.pdf
Mexico,2026-Q1,20.1,,"Microsoft AI Economy Institute, Global AI Diffusion Q2 2026 (September 2026)",Microsoft,https://www.microsoft.com/en-us/research/wp-content/uploads/2026/09/Microsoft-AI-Diffusion-Report-2026-Q2.pdf
Philippines,2026-Q2,20.7,56,"Microsoft AI Economy Institute, Global AI Diffusion Q2 2026 (September 2026)",Microsoft,https://www.microsoft.com/en-us/research/wp-content/uploads/2026/09/Microsoft-AI-Diffusion-Report-2026-Q2.pdf
Philippines,2026-Q1,20.1,,"Microsoft AI Economy Institute, Global AI Diffusion Q2 2026 (September 2026)",Microsoft,https://www.microsoft.com/en-us/research/wp-content/uploads/2026/09/Microsoft-AI-Diffusion-Report-2026-Q2.pdf
Ecuador,2026-Q2,20.3,57,"Microsoft AI Economy Institute, Global AI Diffusion Q2 2026 (September 2026)",Microsoft,https://www.microsoft.com/en-us/research/wp-content/uploads/2026/09/Microsoft-AI-Diffusion-Report-2026-Q2.pdf
Ecuador,2026-Q1,19.5,,"Microsoft AI Economy Institute, Global AI Diffusion Q2 2026 (September 2026)",Microsoft,https://www.microsoft.com/en-us/research/wp-content/uploads/2026/09/Microsoft-AI-Diffusion-Report-2026-Q2.pdf
Brazil,2026-Q2,20.2,58,"Microsoft AI Economy Institute, Global AI Diffusion Q2 2026 (September 2026)",Microsoft,https://www.microsoft.com/en-us/research/wp-content/uploads/2026/09/Microsoft-AI-Diffusion-Report-2026-Q2.pdf
Brazil,2026-Q1,19.1,,"Microsoft AI Economy Institute, Global AI Diffusion Q2 2026 (September 2026)",Microsoft,https://www.microsoft.com/en-us/research/wp-content/uploads/2026/09/Microsoft-AI-Diffusion-Report-2026-Q2.pdf
El Salvador,2026-Q2,20.1,59,"Microsoft AI Economy Institute, Global AI Diffusion Q2 2026 (September 2026)",Microsoft,https://www.microsoft.com/en-us/research/wp-content/uploads/2026/09/Microsoft-AI-Diffusion-Report-2026-Q2.pdf
El Salvador,2026-Q1,18.3,,"Microsoft AI Economy Institute, Global AI Diffusion Q2 2026 (September 2026)",Microsoft,https://www.microsoft.com/en-us/research/wp-content/uploads/2026/09/Microsoft-AI-Diffusion-Report-2026-Q2.pdf
Albania,2026-Q2,19.2,60,"Microsoft AI Economy Institute, Global AI Diffusion Q2 2026 (September 2026)",Microsoft,https://www.microsoft.com/en-us/research/wp-content/uploads/2026/09/Microsoft-AI-Diffusion-Report-2026-Q2.pdf
Albania,2026-Q1,18.5,,"Microsoft AI Economy Institute, Global AI Diffusion Q2 2026 (September 2026)",Microsoft,https://www.microsoft.com/en-us/research/wp-content/uploads/2026/09/Microsoft-AI-Diffusion-Report-2026-Q2.pdf
Moldova,2026-Q2,19.1,61,"Microsoft AI Economy Institute, Global AI Diffusion Q2 2026 (September 2026)",Microsoft,https://www.microsoft.com/en-us/research/wp-content/uploads/2026/09/Microsoft-AI-Diffusion-Report-2026-Q2.pdf
Moldova,2026-Q1,18.5,,"Microsoft AI Economy Institute, Global AI Diffusion Q2 2026 (September 2026)",Microsoft,https://www.microsoft.com/en-us/research/wp-content/uploads/2026/09/Microsoft-AI-Diffusion-Report-2026-Q2.pdf
Turkey,2026-Q2,18.9,62,"Microsoft AI Economy Institute, Global AI Diffusion Q2 2026 (September 2026)",Microsoft,https://www.microsoft.com/en-us/research/wp-content/uploads/2026/09/Microsoft-AI-Diffusion-Report-2026-Q2.pdf
Turkey,2026-Q1,17.4,,"Microsoft AI Economy Institute, Global AI Diffusion Q2 2026 (September 2026)",Microsoft,https://www.microsoft.com/en-us/research/wp-content/uploads/2026/09/Microsoft-AI-Diffusion-Report-2026-Q2.pdf
Azerbaijan,2026-Q2,18.7,63,"Microsoft AI Economy Institute, Global AI Diffusion Q2 2026 (September 2026)",Microsoft,https://www.microsoft.com/en-us/research/wp-content/uploads/2026/09/Microsoft-AI-Diffusion-Report-2026-Q2.pdf
Azerbaijan,2026-Q1,17.7,,"Microsoft AI Economy Institute, Global AI Diffusion Q2 2026 (September 2026)",Microsoft,https://www.microsoft.com/en-us/research/wp-content/uploads/2026/09/Microsoft-AI-Diffusion-Report-2026-Q2.pdf
India,2026-Q2,18.5,64,"Microsoft AI Economy Institute, Global AI Diffusion Q2 2026 (September 2026)",Microsoft,https://www.microsoft.com/en-us/research/wp-content/uploads/2026/09/Microsoft-AI-Diffusion-Report-2026-Q2.pdf
India,2026-Q1,17.6,,"Microsoft AI Economy Institute, Global AI Diffusion Q2 2026 (September 2026)",Microsoft,https://www.microsoft.com/en-us/research/wp-content/uploads/2026/09/Microsoft-AI-Diffusion-Report-2026-Q2.pdf
Romania,2026-Q2,18.0,65,"Microsoft AI Economy Institute, Global AI Diffusion Q2 2026 (September 2026)",Microsoft,https://www.microsoft.com/en-us/research/wp-content/uploads/2026/09/Microsoft-AI-Diffusion-Report-2026-Q2.pdf
Romania,2026-Q1,17.5,,"Microsoft AI Economy Institute, Global AI Diffusion Q2 2026 (September 2026)",Microsoft,https://www.microsoft.com/en-us/research/wp-content/uploads/2026/09/Microsoft-AI-Diffusion-Report-2026-Q2.pdf
Mongolia,2026-Q2,17.9,66,"Microsoft AI Economy Institute, Global AI Diffusion Q2 2026 (September 2026)",Microsoft,https://www.microsoft.com/en-us/research/wp-content/uploads/2026/09/Microsoft-AI-Diffusion-Report-2026-Q2.pdf
Mongolia,2026-Q1,16.7,,"Microsoft AI Economy Institute, Global AI Diffusion Q2 2026 (September 2026)",Microsoft,https://www.microsoft.com/en-us/research/wp-content/uploads/2026/09/Microsoft-AI-Diffusion-Report-2026-Q2.pdf
China,2026-Q2,17.5,67,"Microsoft AI Economy Institute, Global AI Diffusion Q2 2026 (September 2026)",Microsoft,https://www.microsoft.com/en-us/research/wp-content/uploads/2026/09/Microsoft-AI-Diffusion-Report-2026-Q2.pdf
China,2026-Q1,16.4,,"Microsoft AI Economy Institute, Global AI Diffusion Q2 2026 (September 2026)",Microsoft,https://www.microsoft.com/en-us/research/wp-content/uploads/2026/09/Microsoft-AI-Diffusion-Report-2026-Q2.pdf
Peru,2026-Q2,17.3,68,"Microsoft AI Economy Institute, Global AI Diffusion Q2 2026 (September 2026)",Microsoft,https://www.microsoft.com/en-us/research/wp-content/uploads/2026/09/Microsoft-AI-Diffusion-Report-2026-Q2.pdf
Peru,2026-Q1,16.4,,"Microsoft AI Economy Institute, Global AI Diffusion Q2 2026 (September 2026)",Microsoft,https://www.microsoft.com/en-us/research/wp-content/uploads/2026/09/Microsoft-AI-Diffusion-Report-2026-Q2.pdf
Guatemala,2026-Q2,17.3,69,"Microsoft AI Economy Institute, Global AI Diffusion Q2 2026 (September 2026)",Microsoft,https://www.microsoft.com/en-us/research/wp-content/uploads/2026/09/Microsoft-AI-Diffusion-Report-2026-Q2.pdf
Guatemala,2026-Q1,16.4,,"Microsoft AI Economy Institute, Global AI Diffusion Q2 2026 (September 2026)",Microsoft,https://www.microsoft.com/en-us/research/wp-content/uploads/2026/09/Microsoft-AI-Diffusion-Report-2026-Q2.pdf
Kazakhstan,2026-Q2,16.9,70,"Microsoft AI Economy Institute, Global AI Diffusion Q2 2026 (September 2026)",Microsoft,https://www.microsoft.com/en-us/research/wp-content/uploads/2026/09/Microsoft-AI-Diffusion-Report-2026-Q2.pdf
Kazakhstan,2026-Q1,15.9,,"Microsoft AI Economy Institute, Global AI Diffusion Q2 2026 (September 2026)",Microsoft,https://www.microsoft.com/en-us/research/wp-content/uploads/2026/09/Microsoft-AI-Diffusion-Report-2026-Q2.pdf
Gabon,2026-Q2,15.7,71,"Microsoft AI Economy Institute, Global AI Diffusion Q2 2026 (September 2026)",Microsoft,https://www.microsoft.com/en-us/research/wp-content/uploads/2026/09/Microsoft-AI-Diffusion-Report-2026-Q2.pdf
Gabon,2026-Q1,15.0,,"Microsoft AI Economy Institute, Global AI Diffusion Q2 2026 (September 2026)",Microsoft,https://www.microsoft.com/en-us/research/wp-content/uploads/2026/09/Microsoft-AI-Diffusion-Report-2026-Q2.pdf
Libya,2026-Q2,15.5,72,"Microsoft AI Economy Institute, Global AI Diffusion Q2 2026 (September 2026)",Microsoft,https://www.microsoft.com/en-us/research/wp-content/uploads/2026/09/Microsoft-AI-Diffusion-Report-2026-Q2.pdf
Libya,2026-Q1,15.0,,"Microsoft AI Economy Institute, Global AI Diffusion Q2 2026 (September 2026)",Microsoft,https://www.microsoft.com/en-us/research/wp-content/uploads/2026/09/Microsoft-AI-Diffusion-Report-2026-Q2.pdf
Egypt,2026-Q2,15.5,73,"Microsoft AI Economy Institute, Global AI Diffusion Q2 2026 (September 2026)",Microsoft,https://www.microsoft.com/en-us/research/wp-content/uploads/2026/09/Microsoft-AI-Diffusion-Report-2026-Q2.pdf
Egypt,2026-Q1,14.8,,"Microsoft AI Economy Institute, Global AI Diffusion Q2 2026 (September 2026)",Microsoft,https://www.microsoft.com/en-us/research/wp-content/uploads/2026/09/Microsoft-AI-Diffusion-Report-2026-Q2.pdf
Namibia,2026-Q2,15.4,74,"Microsoft AI Economy Institute, Global AI Diffusion Q2 2026 (September 2026)",Microsoft,https://www.microsoft.com/en-us/research/wp-content/uploads/2026/09/Microsoft-AI-Diffusion-Report-2026-Q2.pdf
Namibia,2026-Q1,15.1,,"Microsoft AI Economy Institute, Global AI Diffusion Q2 2026 (September 2026)",Microsoft,https://www.microsoft.com/en-us/research/wp-content/uploads/2026/09/Microsoft-AI-Diffusion-Report-2026-Q2.pdf
Botswana,2026-Q2,15.0,75,"Microsoft AI Economy Institute, Global AI Diffusion Q2 2026 (September 2026)",Microsoft,https://www.microsoft.com/en-us/research/wp-content/uploads/2026/09/Microsoft-AI-Diffusion-Report-2026-Q2.pdf
Botswana,2026-Q1,14.8,,"Microsoft AI Economy Institute, Global AI Diffusion Q2 2026 (September 2026)",Microsoft,https://www.microsoft.com/en-us/research/wp-content/uploads/2026/09/Microsoft-AI-Diffusion-Report-2026-Q2.pdf
Indonesia,2026-Q2,14.8,76,"Microsoft AI Economy Institute, Global AI Diffusion Q2 2026 (September 2026)",Microsoft,https://www.microsoft.com/en-us/research/wp-content/uploads/2026/09/Microsoft-AI-Diffusion-Report-2026-Q2.pdf
Indonesia,2026-Q1,14.1,,"Microsoft AI Economy Institute, Global AI Diffusion Q2 2026 (September 2026)",Microsoft,https://www.microsoft.com/en-us/research/wp-content/uploads/2026/09/Microsoft-AI-Diffusion-Report-2026-Q2.pdf
Nepal,2026-Q2,14.6,77,"Microsoft AI Economy Institute, Global AI Diffusion Q2 2026 (September 2026)",Microsoft,https://www.microsoft.com/en-us/research/wp-content/uploads/2026/09/Microsoft-AI-Diffusion-Report-2026-Q2.pdf
Nepal,2026-Q1,14.2,,"Microsoft AI Economy Institute, Global AI Diffusion Q2 2026 (September 2026)",Microsoft,https://www.microsoft.com/en-us/research/wp-content/uploads/2026/09/Microsoft-AI-Diffusion-Report-2026-Q2.pdf
Honduras,2026-Q2,14.5,78,"Microsoft AI Economy Institute, Global AI Diffusion Q2 2026 (September 2026)",Microsoft,https://www.microsoft.com/en-us/research/wp-content/uploads/2026/09/Microsoft-AI-Diffusion-Report-2026-Q2.pdf
Honduras,2026-Q1,14.0,,"Microsoft AI Economy Institute, Global AI Diffusion Q2 2026 (September 2026)",Microsoft,https://www.microsoft.com/en-us/research/wp-content/uploads/2026/09/Microsoft-AI-Diffusion-Report-2026-Q2.pdf
Senegal,2026-Q2,14.4,79,"Microsoft AI Economy Institute, Global AI Diffusion Q2 2026 (September 2026)",Microsoft,https://www.microsoft.com/en-us/research/wp-content/uploads/2026/09/Microsoft-AI-Diffusion-Report-2026-Q2.pdf
Senegal,2026-Q1,13.9,,"Microsoft AI Economy Institute, Global AI Diffusion Q2 2026 (September 2026)",Microsoft,https://www.microsoft.com/en-us/research/wp-content/uploads/2026/09/Microsoft-AI-Diffusion-Report-2026-Q2.pdf
Tunisia,2026-Q2,13.9,80,"Microsoft AI Economy Institute, Global AI Diffusion Q2 2026 (September 2026)",Microsoft,https://www.microsoft.com/en-us/research/wp-content/uploads/2026/09/Microsoft-AI-Diffusion-Report-2026-Q2.pdf
Tunisia,2026-Q1,13.5,,"Microsoft AI Economy Institute, Global AI Diffusion Q2 2026 (September 2026)",Microsoft,https://www.microsoft.com/en-us/research/wp-content/uploads/2026/09/Microsoft-AI-Diffusion-Report-2026-Q2.pdf
Algeria,2026-Q2,13.8,81,"Microsoft AI Economy Institute, Global AI Diffusion Q2 2026 (September 2026)",Microsoft,https://www.microsoft.com/en-us/research/wp-content/uploads/2026/09/Microsoft-AI-Diffusion-Report-2026-Q2.pdf
Algeria,2026-Q1,13.3,,"Microsoft AI Economy Institute, Global AI Diffusion Q2 2026 (September 2026)",Microsoft,https://www.microsoft.com/en-us/research/wp-content/uploads/2026/09/Microsoft-AI-Diffusion-Report-2026-Q2.pdf
Cote d'Ivoire,2026-Q2,13.7,82,"Microsoft AI Economy Institute, Global AI Diffusion Q2 2026 (September 2026)",Microsoft,https://www.microsoft.com/en-us/research/wp-content/uploads/2026/09/Microsoft-AI-Diffusion-Report-2026-Q2.pdf
Cote d'Ivoire,2026-Q1,13.1,,"Microsoft AI Economy Institute, Global AI Diffusion Q2 2026 (September 2026)",Microsoft,https://www.microsoft.com/en-us/research/wp-content/uploads/2026/09/Microsoft-AI-Diffusion-Report-2026-Q2.pdf
Thailand,2026-Q2,13.4,83,"Microsoft AI Economy Institute, Global AI Diffusion Q2 2026 (September 2026)",Microsoft,https://www.microsoft.com/en-us/research/wp-content/uploads/2026/09/Microsoft-AI-Diffusion-Report-2026-Q2.pdf
Thailand,2026-Q1,12.4,,"Microsoft AI Economy Institute, Global AI Diffusion Q2 2026 (September 2026)",Microsoft,https://www.microsoft.com/en-us/research/wp-content/uploads/2026/09/Microsoft-AI-Diffusion-Report-2026-Q2.pdf
Bolivia,2026-Q2,13.3,84,"Microsoft AI Economy Institute, Global AI Diffusion Q2 2026 (September 2026)",Microsoft,https://www.microsoft.com/en-us/research/wp-content/uploads/2026/09/Microsoft-AI-Diffusion-Report-2026-Q2.pdf
Bolivia,2026-Q1,12.7,,"Microsoft AI Economy Institute, Global AI Diffusion Q2 2026 (September 2026)",Microsoft,https://www.microsoft.com/en-us/research/wp-content/uploads/2026/09/Microsoft-AI-Diffusion-Report-2026-Q2.pdf
Zambia,2026-Q2,13.3,85,"Microsoft AI Economy Institute, Global AI Diffusion Q2 2026 (September 2026)",Microsoft,https://www.microsoft.com/en-us/research/wp-content/uploads/2026/09/Microsoft-AI-Diffusion-Report-2026-Q2.pdf
Zambia,2026-Q1,13.1,,"Microsoft AI Economy Institute, Global AI Diffusion Q2 2026 (September 2026)",Microsoft,https://www.microsoft.com/en-us/research/wp-content/uploads/2026/09/Microsoft-AI-Diffusion-Report-2026-Q2.pdf
Iraq,2026-Q2,13.0,86,"Microsoft AI Economy Institute, Global AI Diffusion Q2 2026 (September 2026)",Microsoft,https://www.microsoft.com/en-us/research/wp-content/uploads/2026/09/Microsoft-AI-Diffusion-Report-2026-Q2.pdf
Iraq,2026-Q1,12.5,,"Microsoft AI Economy Institute, Global AI Diffusion Q2 2026 (September 2026)",Microsoft,https://www.microsoft.com/en-us/research/wp-content/uploads/2026/09/Microsoft-AI-Diffusion-Report-2026-Q2.pdf
Iran,2026-Q2,12.8,87,"Microsoft AI Economy Institute, Global AI Diffusion Q2 2026 (September 2026)",Microsoft,https://www.microsoft.com/en-us/research/wp-content/uploads/2026/09/Microsoft-AI-Diffusion-Report-2026-Q2.pdf
Iran,2026-Q1,12.6,,"Microsoft AI Economy Institute, Global AI Diffusion Q2 2026 (September 2026)",Microsoft,https://www.microsoft.com/en-us/research/wp-content/uploads/2026/09/Microsoft-AI-Diffusion-Report-2026-Q2.pdf
Paraguay,2026-Q2,12.6,88,"Microsoft AI Economy Institute, Global AI Diffusion Q2 2026 (September 2026)",Microsoft,https://www.microsoft.com/en-us/research/wp-content/uploads/2026/09/Microsoft-AI-Diffusion-Report-2026-Q2.pdf
Paraguay,2026-Q1,12.2,,"Microsoft AI Economy Institute, Global AI Diffusion Q2 2026 (September 2026)",Microsoft,https://www.microsoft.com/en-us/research/wp-content/uploads/2026/09/Microsoft-AI-Diffusion-Report-2026-Q2.pdf
Nicaragua,2026-Q2,12.5,89,"Microsoft AI Economy Institute, Global AI Diffusion Q2 2026 (September 2026)",Microsoft,https://www.microsoft.com/en-us/research/wp-content/uploads/2026/09/Microsoft-AI-Diffusion-Report-2026-Q2.pdf
Nicaragua,2026-Q1,11.8,,"Microsoft AI Economy Institute, Global AI Diffusion Q2 2026 (September 2026)",Microsoft,https://www.microsoft.com/en-us/research/wp-content/uploads/2026/09/Microsoft-AI-Diffusion-Report-2026-Q2.pdf
Morocco,2026-Q2,12.0,90,"Microsoft AI Economy Institute, Global AI Diffusion Q2 2026 (September 2026)",Microsoft,https://www.microsoft.com/en-us/research/wp-content/uploads/2026/09/Microsoft-AI-Diffusion-Report-2026-Q2.pdf
Morocco,2026-Q1,11.7,,"Microsoft AI Economy Institute, Global AI Diffusion Q2 2026 (September 2026)",Microsoft,https://www.microsoft.com/en-us/research/wp-content/uploads/2026/09/Microsoft-AI-Diffusion-Report-2026-Q2.pdf
Pakistan,2026-Q2,11.9,91,"Microsoft AI Economy Institute, Global AI Diffusion Q2 2026 (September 2026)",Microsoft,https://www.microsoft.com/en-us/research/wp-content/uploads/2026/09/Microsoft-AI-Diffusion-Report-2026-Q2.pdf
Pakistan,2026-Q1,11.4,,"Microsoft AI Economy Institute, Global AI Diffusion Q2 2026 (September 2026)",Microsoft,https://www.microsoft.com/en-us/research/wp-content/uploads/2026/09/Microsoft-AI-Diffusion-Report-2026-Q2.pdf
Gambia,2026-Q2,11.5,92,"Microsoft AI Economy Institute, Global AI Diffusion Q2 2026 (September 2026)",Microsoft,https://www.microsoft.com/en-us/research/wp-content/uploads/2026/09/Microsoft-AI-Diffusion-Report-2026-Q2.pdf
Gambia,2026-Q1,11.5,,"Microsoft AI Economy Institute, Global AI Diffusion Q2 2026 (September 2026)",Microsoft,https://www.microsoft.com/en-us/research/wp-content/uploads/2026/09/Microsoft-AI-Diffusion-Report-2026-Q2.pdf
Mozambique,2026-Q2,11.4,93,"Microsoft AI Economy Institute, Global AI Diffusion Q2 2026 (September 2026)",Microsoft,https://www.microsoft.com/en-us/research/wp-content/uploads/2026/09/Microsoft-AI-Diffusion-Report-2026-Q2.pdf
Mozambique,2026-Q1,10.9,,"Microsoft AI Economy Institute, Global AI Diffusion Q2 2026 (September 2026)",Microsoft,https://www.microsoft.com/en-us/research/wp-content/uploads/2026/09/Microsoft-AI-Diffusion-Report-2026-Q2.pdf
Angola,2026-Q2,11.4,94,"Microsoft AI Economy Institute, Global AI Diffusion Q2 2026 (September 2026)",Microsoft,https://www.microsoft.com/en-us/research/wp-content/uploads/2026/09/Microsoft-AI-Diffusion-Report-2026-Q2.pdf
Angola,2026-Q1,10.9,,"Microsoft AI Economy Institute, Global AI Diffusion Q2 2026 (September 2026)",Microsoft,https://www.microsoft.com/en-us/research/wp-content/uploads/2026/09/Microsoft-AI-Diffusion-Report-2026-Q2.pdf
Madagascar,2026-Q2,11.4,95,"Microsoft AI Economy Institute, Global AI Diffusion Q2 2026 (September 2026)",Microsoft,https://www.microsoft.com/en-us/research/wp-content/uploads/2026/09/Microsoft-AI-Diffusion-Report-2026-Q2.pdf
Madagascar,2026-Q1,10.9,,"Microsoft AI Economy Institute, Global AI Diffusion Q2 2026 (September 2026)",Microsoft,https://www.microsoft.com/en-us/research/wp-content/uploads/2026/09/Microsoft-AI-Diffusion-Report-2026-Q2.pdf
Malawi,2026-Q2,11.4,96,"Microsoft AI Economy Institute, Global AI Diffusion Q2 2026 (September 2026)",Microsoft,https://www.microsoft.com/en-us/research/wp-content/uploads/2026/09/Microsoft-AI-Diffusion-Report-2026-Q2.pdf
Malawi,2026-Q1,10.9,,"Microsoft AI Economy Institute, Global AI Diffusion Q2 2026 (September 2026)",Microsoft,https://www.microsoft.com/en-us/research/wp-content/uploads/2026/09/Microsoft-AI-Diffusion-Report-2026-Q2.pdf
Guyana,2026-Q2,11.3,97,"Microsoft AI Economy Institute, Global AI Diffusion Q2 2026 (September 2026)",Microsoft,https://www.microsoft.com/en-us/research/wp-content/uploads/2026/09/Microsoft-AI-Diffusion-Report-2026-Q2.pdf
Guyana,2026-Q1,10.3,,"Microsoft AI Economy Institute, Global AI Diffusion Q2 2026 (September 2026)",Microsoft,https://www.microsoft.com/en-us/research/wp-content/uploads/2026/09/Microsoft-AI-Diffusion-Report-2026-Q2.pdf
Suriname,2026-Q2,11.3,98,"Microsoft AI Economy Institute, Global AI Diffusion Q2 2026 (September 2026)",Microsoft,https://www.microsoft.com/en-us/research/wp-content/uploads/2026/09/Microsoft-AI-Diffusion-Report-2026-Q2.pdf
Suriname,2026-Q1,10.3,,"Microsoft AI Economy Institute, Global AI Diffusion Q2 2026 (September 2026)",Microsoft,https://www.microsoft.com/en-us/research/wp-content/uploads/2026/09/Microsoft-AI-Diffusion-Report-2026-Q2.pdf
Venezuela,2026-Q2,11.3,99,"Microsoft AI Economy Institute, Global AI Diffusion Q2 2026 (September 2026)",Microsoft,https://www.microsoft.com/en-us/research/wp-content/uploads/2026/09/Microsoft-AI-Diffusion-Report-2026-Q2.pdf
Venezuela,2026-Q1,10.3,,"Microsoft AI Economy Institute, Global AI Diffusion Q2 2026 (September 2026)",Microsoft,https://www.microsoft.com/en-us/research/wp-content/uploads/2026/09/Microsoft-AI-Diffusion-Report-2026-Q2.pdf
French Guiana,2026-Q2,11.3,100,"Microsoft AI Economy Institute, Global AI Diffusion Q2 2026 (September 2026)",Microsoft,https://www.microsoft.com/en-us/research/wp-content/uploads/2026/09/Microsoft-AI-Diffusion-Report-2026-Q2.pdf
French Guiana,2026-Q1,10.3,,"Microsoft AI Economy Institute, Global AI Diffusion Q2 2026 (September 2026)",Microsoft,https://www.microsoft.com/en-us/research/wp-content/uploads/2026/09/Microsoft-AI-Diffusion-Report-2026-Q2.pdf
Myanmar,2026-Q2,10.4,101,"Microsoft AI Economy Institute, Global AI Diffusion Q2 2026 (September 2026)",Microsoft,https://www.microsoft.com/en-us/research/wp-content/uploads/2026/09/Microsoft-AI-Diffusion-Report-2026-Q2.pdf
Myanmar,2026-Q1,10.0,,"Microsoft AI Economy Institute, Global AI Diffusion Q2 2026 (September 2026)",Microsoft,https://www.microsoft.com/en-us/research/wp-content/uploads/2026/09/Microsoft-AI-Diffusion-Report-2026-Q2.pdf
Togo,2026-Q2,10.4,102,"Microsoft AI Economy Institute, Global AI Diffusion Q2 2026 (September 2026)",Microsoft,https://www.microsoft.com/en-us/research/wp-content/uploads/2026/09/Microsoft-AI-Diffusion-Report-2026-Q2.pdf
Togo,2026-Q1,10.1,,"Microsoft AI Economy Institute, Global AI Diffusion Q2 2026 (September 2026)",Microsoft,https://www.microsoft.com/en-us/research/wp-content/uploads/2026/09/Microsoft-AI-Diffusion-Report-2026-Q2.pdf
Guinea,2026-Q2,10.4,103,"Microsoft AI Economy Institute, Global AI Diffusion Q2 2026 (September 2026)",Microsoft,https://www.microsoft.com/en-us/research/wp-content/uploads/2026/09/Microsoft-AI-Diffusion-Report-2026-Q2.pdf
Guinea,2026-Q1,10.1,,"Microsoft AI Economy Institute, Global AI Diffusion Q2 2026 (September 2026)",Microsoft,https://www.microsoft.com/en-us/research/wp-content/uploads/2026/09/Microsoft-AI-Diffusion-Report-2026-Q2.pdf
Niger,2026-Q2,10.4,104,"Microsoft AI Economy Institute, Global AI Diffusion Q2 2026 (September 2026)",Microsoft,https://www.microsoft.com/en-us/research/wp-content/uploads/2026/09/Microsoft-AI-Diffusion-Report-2026-Q2.pdf
Niger,2026-Q1,10.1,,"Microsoft AI Economy Institute, Global AI Diffusion Q2 2026 (September 2026)",Microsoft,https://www.microsoft.com/en-us/research/wp-content/uploads/2026/09/Microsoft-AI-Diffusion-Report-2026-Q2.pdf
Liberia,2026-Q2,10.4,105,"Microsoft AI Economy Institute, Global AI Diffusion Q2 2026 (September 2026)",Microsoft,https://www.microsoft.com/en-us/research/wp-content/uploads/2026/09/Microsoft-AI-Diffusion-Report-2026-Q2.pdf
Liberia,2026-Q1,10.1,,"Microsoft AI Economy Institute, Global AI Diffusion Q2 2026 (September 2026)",Microsoft,https://www.microsoft.com/en-us/research/wp-content/uploads/2026/09/Microsoft-AI-Diffusion-Report-2026-Q2.pdf
Nigeria,2026-Q2,10.4,106,"Microsoft AI Economy Institute, Global AI Diffusion Q2 2026 (September 2026)",Microsoft,https://www.microsoft.com/en-us/research/wp-content/uploads/2026/09/Microsoft-AI-Diffusion-Report-2026-Q2.pdf
Nigeria,2026-Q1,10.1,,"Microsoft AI Economy Institute, Global AI Diffusion Q2 2026 (September 2026)",Microsoft,https://www.microsoft.com/en-us/research/wp-content/uploads/2026/09/Microsoft-AI-Diffusion-Report-2026-Q2.pdf
Benin,2026-Q2,10.4,107,"Microsoft AI Economy Institute, Global AI Diffusion Q2 2026 (September 2026)",Microsoft,https://www.microsoft.com/en-us/research/wp-content/uploads/2026/09/Microsoft-AI-Diffusion-Report-2026-Q2.pdf
Benin,2026-Q1,10.1,,"Microsoft AI Economy Institute, Global AI Diffusion Q2 2026 (September 2026)",Microsoft,https://www.microsoft.com/en-us/research/wp-content/uploads/2026/09/Microsoft-AI-Diffusion-Report-2026-Q2.pdf
Mali,2026-Q2,10.4,108,"Microsoft AI Economy Institute, Global AI Diffusion Q2 2026 (September 2026)",Microsoft,https://www.microsoft.com/en-us/research/wp-content/uploads/2026/09/Microsoft-AI-Diffusion-Report-2026-Q2.pdf
Mali,2026-Q1,10.1,,"Microsoft AI Economy Institute, Global AI Diffusion Q2 2026 (September 2026)",Microsoft,https://www.microsoft.com/en-us/research/wp-content/uploads/2026/09/Microsoft-AI-Diffusion-Report-2026-Q2.pdf
Ghana,2026-Q2,10.4,109,"Microsoft AI Economy Institute, Global AI Diffusion Q2 2026 (September 2026)",Microsoft,https://www.microsoft.com/en-us/research/wp-content/uploads/2026/09/Microsoft-AI-Diffusion-Report-2026-Q2.pdf
Ghana,2026-Q1,10.1,,"Microsoft AI Economy Institute, Global AI Diffusion Q2 2026 (September 2026)",Microsoft,https://www.microsoft.com/en-us/research/wp-content/uploads/2026/09/Microsoft-AI-Diffusion-Report-2026-Q2.pdf
Guinea-Bissau,2026-Q2,10.4,110,"Microsoft AI Economy Institute, Global AI Diffusion Q2 2026 (September 2026)",Microsoft,https://www.microsoft.com/en-us/research/wp-content/uploads/2026/09/Microsoft-AI-Diffusion-Report-2026-Q2.pdf
Guinea-Bissau,2026-Q1,10.1,,"Microsoft AI Economy Institute, Global AI Diffusion Q2 2026 (September 2026)",Microsoft,https://www.microsoft.com/en-us/research/wp-content/uploads/2026/09/Microsoft-AI-Diffusion-Report-2026-Q2.pdf
Sierra Leone,2026-Q2,10.4,111,"Microsoft AI Economy Institute, Global AI Diffusion Q2 2026 (September 2026)",Microsoft,https://www.microsoft.com/en-us/research/wp-content/uploads/2026/09/Microsoft-AI-Diffusion-Report-2026-Q2.pdf
Sierra Leone,2026-Q1,10.1,,"Microsoft AI Economy Institute, Global AI Diffusion Q2 2026 (September 2026)",Microsoft,https://www.microsoft.com/en-us/research/wp-content/uploads/2026/09/Microsoft-AI-Diffusion-Report-2026-Q2.pdf
Mauritania,2026-Q2,10.4,112,"Microsoft AI Economy Institute, Global AI Diffusion Q2 2026 (September 2026)",Microsoft,https://www.microsoft.com/en-us/research/wp-content/uploads/2026/09/Microsoft-AI-Diffusion-Report-2026-Q2.pdf
Mauritania,2026-Q1,10.1,,"Microsoft AI Economy Institute, Global AI Diffusion Q2 2026 (September 2026)",Microsoft,https://www.microsoft.com/en-us/research/wp-content/uploads/2026/09/Microsoft-AI-Diffusion-Report-2026-Q2.pdf
Burkina Faso,2026-Q2,10.4,113,"Microsoft AI Economy Institute, Global AI Diffusion Q2 2026 (September 2026)",Microsoft,https://www.microsoft.com/en-us/research/wp-content/uploads/2026/09/Microsoft-AI-Diffusion-Report-2026-Q2.pdf
Burkina Faso,2026-Q1,10.1,,"Microsoft AI Economy Institute, Global AI Diffusion Q2 2026 (September 2026)",Microsoft,https://www.microsoft.com/en-us/research/wp-content/uploads/2026/09/Microsoft-AI-Diffusion-Report-2026-Q2.pdf
Belarus,2026-Q2,10.3,114,"Microsoft AI Economy Institute, Global AI Diffusion Q2 2026 (September 2026)",Microsoft,https://www.microsoft.com/en-us/research/wp-content/uploads/2026/09/Microsoft-AI-Diffusion-Report-2026-Q2.pdf
Belarus,2026-Q1,9.6,,"Microsoft AI Economy Institute, Global AI Diffusion Q2 2026 (September 2026)",Microsoft,https://www.microsoft.com/en-us/research/wp-content/uploads/2026/09/Microsoft-AI-Diffusion-Report-2026-Q2.pdf
Kyrgyzstan,2026-Q2,10.0,115,"Microsoft AI Economy Institute, Global AI Diffusion Q2 2026 (September 2026)",Microsoft,https://www.microsoft.com/en-us/research/wp-content/uploads/2026/09/Microsoft-AI-Diffusion-Report-2026-Q2.pdf
Kyrgyzstan,2026-Q1,9.5,,"Microsoft AI Economy Institute, Global AI Diffusion Q2 2026 (September 2026)",Microsoft,https://www.microsoft.com/en-us/research/wp-content/uploads/2026/09/Microsoft-AI-Diffusion-Report-2026-Q2.pdf
Russia,2026-Q2,9.9,116,"Microsoft AI Economy Institute, Global AI Diffusion Q2 2026 (September 2026)",Microsoft,https://www.microsoft.com/en-us/research/wp-content/uploads/2026/09/Microsoft-AI-Diffusion-Report-2026-Q2.pdf
Russia,2026-Q1,9.5,,"Microsoft AI Economy Institute, Global AI Diffusion Q2 2026 (September 2026)",Microsoft,https://www.microsoft.com/en-us/research/wp-content/uploads/2026/09/Microsoft-AI-Diffusion-Report-2026-Q2.pdf
Lesotho,2026-Q2,9.9,117,"Microsoft AI Economy Institute, Global AI Diffusion Q2 2026 (September 2026)",Microsoft,https://www.microsoft.com/en-us/research/wp-content/uploads/2026/09/Microsoft-AI-Diffusion-Report-2026-Q2.pdf
Lesotho,2026-Q1,9.8,,"Microsoft AI Economy Institute, Global AI Diffusion Q2 2026 (September 2026)",Microsoft,https://www.microsoft.com/en-us/research/wp-content/uploads/2026/09/Microsoft-AI-Diffusion-Report-2026-Q2.pdf
Ukraine,2026-Q2,9.5,118,"Microsoft AI Economy Institute, Global AI Diffusion Q2 2026 (September 2026)",Microsoft,https://www.microsoft.com/en-us/research/wp-content/uploads/2026/09/Microsoft-AI-Diffusion-Report-2026-Q2.pdf
Ukraine,2026-Q1,9.5,,"Microsoft AI Economy Institute, Global AI Diffusion Q2 2026 (September 2026)",Microsoft,https://www.microsoft.com/en-us/research/wp-content/uploads/2026/09/Microsoft-AI-Diffusion-Report-2026-Q2.pdf
Chad,2026-Q2,9.1,119,"Microsoft AI Economy Institute, Global AI Diffusion Q2 2026 (September 2026)",Microsoft,https://www.microsoft.com/en-us/research/wp-content/uploads/2026/09/Microsoft-AI-Diffusion-Report-2026-Q2.pdf
Chad,2026-Q1,8.7,,"Microsoft AI Economy Institute, Global AI Diffusion Q2 2026 (September 2026)",Microsoft,https://www.microsoft.com/en-us/research/wp-content/uploads/2026/09/Microsoft-AI-Diffusion-Report-2026-Q2.pdf
Central African Republic,2026-Q2,9.1,120,"Microsoft AI Economy Institute, Global AI Diffusion Q2 2026 (September 2026)",Microsoft,https://www.microsoft.com/en-us/research/wp-content/uploads/2026/09/Microsoft-AI-Diffusion-Report-2026-Q2.pdf
Central African Republic,2026-Q1,8.7,,"Microsoft AI Economy Institute, Global AI Diffusion Q2 2026 (September 2026)",Microsoft,https://www.microsoft.com/en-us/research/wp-content/uploads/2026/09/Microsoft-AI-Diffusion-Report-2026-Q2.pdf
Cameroon,2026-Q2,9.1,121,"Microsoft AI Economy Institute, Global AI Diffusion Q2 2026 (September 2026)",Microsoft,https://www.microsoft.com/en-us/research/wp-content/uploads/2026/09/Microsoft-AI-Diffusion-Report-2026-Q2.pdf
Cameroon,2026-Q1,8.7,,"Microsoft AI Economy Institute, Global AI Diffusion Q2 2026 (September 2026)",Microsoft,https://www.microsoft.com/en-us/research/wp-content/uploads/2026/09/Microsoft-AI-Diffusion-Report-2026-Q2.pdf
Democratic Republic of the Congo,2026-Q2,9.1,122,"Microsoft AI Economy Institute, Global AI Diffusion Q2 2026 (September 2026)",Microsoft,https://www.microsoft.com/en-us/research/wp-content/uploads/2026/09/Microsoft-AI-Diffusion-Report-2026-Q2.pdf
Democratic Republic of the Congo,2026-Q1,8.7,,"Microsoft AI Economy Institute, Global AI Diffusion Q2 2026 (September 2026)",Microsoft,https://www.microsoft.com/en-us/research/wp-content/uploads/2026/09/Microsoft-AI-Diffusion-Report-2026-Q2.pdf
Congo,2026-Q2,9.1,123,"Microsoft AI Economy Institute, Global AI Diffusion Q2 2026 (September 2026)",Microsoft,https://www.microsoft.com/en-us/research/wp-content/uploads/2026/09/Microsoft-AI-Diffusion-Report-2026-Q2.pdf
Congo,2026-Q1,8.7,,"Microsoft AI Economy Institute, Global AI Diffusion Q2 2026 (September 2026)",Microsoft,https://www.microsoft.com/en-us/research/wp-content/uploads/2026/09/Microsoft-AI-Diffusion-Report-2026-Q2.pdf
Haiti,2026-Q2,8.9,124,"Microsoft AI Economy Institute, Global AI Diffusion Q2 2026 (September 2026)",Microsoft,https://www.microsoft.com/en-us/research/wp-content/uploads/2026/09/Microsoft-AI-Diffusion-Report-2026-Q2.pdf
Haiti,2026-Q1,8.5,,"Microsoft AI Economy Institute, Global AI Diffusion Q2 2026 (September 2026)",Microsoft,https://www.microsoft.com/en-us/research/wp-content/uploads/2026/09/Microsoft-AI-Diffusion-Report-2026-Q2.pdf
Kenya,2026-Q2,8.9,125,"Microsoft AI Economy Institute, Global AI Diffusion Q2 2026 (September 2026)",Microsoft,https://www.microsoft.com/en-us/research/wp-content/uploads/2026/09/Microsoft-AI-Diffusion-Report-2026-Q2.pdf
Kenya,2026-Q1,8.7,,"Microsoft AI Economy Institute, Global AI Diffusion Q2 2026 (September 2026)",Microsoft,https://www.microsoft.com/en-us/research/wp-content/uploads/2026/09/Microsoft-AI-Diffusion-Report-2026-Q2.pdf
Zimbabwe,2026-Q2,8.9,126,"Microsoft AI Economy Institute, Global AI Diffusion Q2 2026 (September 2026)",Microsoft,https://www.microsoft.com/en-us/research/wp-content/uploads/2026/09/Microsoft-AI-Diffusion-Report-2026-Q2.pdf
Zimbabwe,2026-Q1,8.5,,"Microsoft AI Economy Institute, Global AI Diffusion Q2 2026 (September 2026)",Microsoft,https://www.microsoft.com/en-us/research/wp-content/uploads/2026/09/Microsoft-AI-Diffusion-Report-2026-Q2.pdf
Laos,2026-Q2,8.4,127,"Microsoft AI Economy Institute, Global AI Diffusion Q2 2026 (September 2026)",Microsoft,https://www.microsoft.com/en-us/research/wp-content/uploads/2026/09/Microsoft-AI-Diffusion-Report-2026-Q2.pdf
Laos,2026-Q1,7.8,,"Microsoft AI Economy Institute, Global AI Diffusion Q2 2026 (September 2026)",Microsoft,https://www.microsoft.com/en-us/research/wp-content/uploads/2026/09/Microsoft-AI-Diffusion-Report-2026-Q2.pdf
Bangladesh,2026-Q2,8.0,128,"Microsoft AI Economy Institute, Global AI Diffusion Q2 2026 (September 2026)",Microsoft,https://www.microsoft.com/en-us/research/wp-content/uploads/2026/09/Microsoft-AI-Diffusion-Report-2026-Q2.pdf
Bangladesh,2026-Q1,7.8,,"Microsoft AI Economy Institute, Global AI Diffusion Q2 2026 (September 2026)",Microsoft,https://www.microsoft.com/en-us/research/wp-content/uploads/2026/09/Microsoft-AI-Diffusion-Report-2026-Q2.pdf
Uganda,2026-Q2,8.0,129,"Microsoft AI Economy Institute, Global AI Diffusion Q2 2026 (September 2026)",Microsoft,https://www.microsoft.com/en-us/research/wp-content/uploads/2026/09/Microsoft-AI-Diffusion-Report-2026-Q2.pdf
Uganda,2026-Q1,7.6,,"Microsoft AI Economy Institute, Global AI Diffusion Q2 2026 (September 2026)",Microsoft,https://www.microsoft.com/en-us/research/wp-content/uploads/2026/09/Microsoft-AI-Diffusion-Report-2026-Q2.pdf
Ethiopia,2026-Q2,8.0,130,"Microsoft AI Economy Institute, Global AI Diffusion Q2 2026 (September 2026)",Microsoft,https://www.microsoft.com/en-us/research/wp-content/uploads/2026/09/Microsoft-AI-Diffusion-Report-2026-Q2.pdf
Ethiopia,2026-Q1,7.6,,"Microsoft AI Economy Institute, Global AI Diffusion Q2 2026 (September 2026)",Microsoft,https://www.microsoft.com/en-us/research/wp-content/uploads/2026/09/Microsoft-AI-Diffusion-Report-2026-Q2.pdf
Somalia,2026-Q2,8.0,131,"Microsoft AI Economy Institute, Global AI Diffusion Q2 2026 (September 2026)",Microsoft,https://www.microsoft.com/en-us/research/wp-content/uploads/2026/09/Microsoft-AI-Diffusion-Report-2026-Q2.pdf
Somalia,2026-Q1,7.6,,"Microsoft AI Economy Institute, Global AI Diffusion Q2 2026 (September 2026)",Microsoft,https://www.microsoft.com/en-us/research/wp-content/uploads/2026/09/Microsoft-AI-Diffusion-Report-2026-Q2.pdf
Eritrea,2026-Q2,8.0,132,"Microsoft AI Economy Institute, Global AI Diffusion Q2 2026 (September 2026)",Microsoft,https://www.microsoft.com/en-us/research/wp-content/uploads/2026/09/Microsoft-AI-Diffusion-Report-2026-Q2.pdf
Eritrea,2026-Q1,7.6,,"Microsoft AI Economy Institute, Global AI Diffusion Q2 2026 (September 2026)",Microsoft,https://www.microsoft.com/en-us/research/wp-content/uploads/2026/09/Microsoft-AI-Diffusion-Report-2026-Q2.pdf
South Sudan,2026-Q2,8.0,133,"Microsoft AI Economy Institute, Global AI Diffusion Q2 2026 (September 2026)",Microsoft,https://www.microsoft.com/en-us/research/wp-content/uploads/2026/09/Microsoft-AI-Diffusion-Report-2026-Q2.pdf
South Sudan,2026-Q1,7.6,,"Microsoft AI Economy Institute, Global AI Diffusion Q2 2026 (September 2026)",Microsoft,https://www.microsoft.com/en-us/research/wp-content/uploads/2026/09/Microsoft-AI-Diffusion-Report-2026-Q2.pdf
Sudan,2026-Q2,8.0,134,"Microsoft AI Economy Institute, Global AI Diffusion Q2 2026 (September 2026)",Microsoft,https://www.microsoft.com/en-us/research/wp-content/uploads/2026/09/Microsoft-AI-Diffusion-Report-2026-Q2.pdf
Sudan,2026-Q1,7.6,,"Microsoft AI Economy Institute, Global AI Diffusion Q2 2026 (September 2026)",Microsoft,https://www.microsoft.com/en-us/research/wp-content/uploads/2026/09/Microsoft-AI-Diffusion-Report-2026-Q2.pdf
Burundi,2026-Q2,8.0,135,"Microsoft AI Economy Institute, Global AI Diffusion Q2 2026 (September 2026)",Microsoft,https://www.microsoft.com/en-us/research/wp-content/uploads/2026/09/Microsoft-AI-Diffusion-Report-2026-Q2.pdf
Burundi,2026-Q1,7.6,,"Microsoft AI Economy Institute, Global AI Diffusion Q2 2026 (September 2026)",Microsoft,https://www.microsoft.com/en-us/research/wp-content/uploads/2026/09/Microsoft-AI-Diffusion-Report-2026-Q2.pdf
Tanzania,2026-Q2,8.0,136,"Microsoft AI Economy Institute, Global AI Diffusion Q2 2026 (September 2026)",Microsoft,https://www.microsoft.com/en-us/research/wp-content/uploads/2026/09/Microsoft-AI-Diffusion-Report-2026-Q2.pdf
Tanzania,2026-Q1,7.6,,"Microsoft AI Economy Institute, Global AI Diffusion Q2 2026 (September 2026)",Microsoft,https://www.microsoft.com/en-us/research/wp-content/uploads/2026/09/Microsoft-AI-Diffusion-Report-2026-Q2.pdf
Armenia,2026-Q2,7.7,137,"Microsoft AI Economy Institute, Global AI Diffusion Q2 2026 (September 2026)",Microsoft,https://www.microsoft.com/en-us/research/wp-content/uploads/2026/09/Microsoft-AI-Diffusion-Report-2026-Q2.pdf
Armenia,2026-Q1,7.4,,"Microsoft AI Economy Institute, Global AI Diffusion Q2 2026 (September 2026)",Microsoft,https://www.microsoft.com/en-us/research/wp-content/uploads/2026/09/Microsoft-AI-Diffusion-Report-2026-Q2.pdf
Papua New Guinea,2026-Q2,7.6,138,"Microsoft AI Economy Institute, Global AI Diffusion Q2 2026 (September 2026)",Microsoft,https://www.microsoft.com/en-us/research/wp-content/uploads/2026/09/Microsoft-AI-Diffusion-Report-2026-Q2.pdf
Papua New Guinea,2026-Q1,7.7,,"Microsoft AI Economy Institute, Global AI Diffusion Q2 2026 (September 2026)",Microsoft,https://www.microsoft.com/en-us/research/wp-content/uploads/2026/09/Microsoft-AI-Diffusion-Report-2026-Q2.pdf
Sri Lanka,2026-Q2,7.6,139,"Microsoft AI Economy Institute, Global AI Diffusion Q2 2026 (September 2026)",Microsoft,https://www.microsoft.com/en-us/research/wp-content/uploads/2026/09/Microsoft-AI-Diffusion-Report-2026-Q2.pdf
Sri Lanka,2026-Q1,7.3,,"Microsoft AI Economy Institute, Global AI Diffusion Q2 2026 (September 2026)",Microsoft,https://www.microsoft.com/en-us/research/wp-content/uploads/2026/09/Microsoft-AI-Diffusion-Report-2026-Q2.pdf
Rwanda,2026-Q2,7.6,140,"Microsoft AI Economy Institute, Global AI Diffusion Q2 2026 (September 2026)",Microsoft,https://www.microsoft.com/en-us/research/wp-content/uploads/2026/09/Microsoft-AI-Diffusion-Report-2026-Q2.pdf
Rwanda,2026-Q1,7.2,,"Microsoft AI Economy Institute, Global AI Diffusion Q2 2026 (September 2026)",Microsoft,https://www.microsoft.com/en-us/research/wp-content/uploads/2026/09/Microsoft-AI-Diffusion-Report-2026-Q2.pdf
Uzbekistan,2026-Q2,7.6,141,"Microsoft AI Economy Institute, Global AI Diffusion Q2 2026 (September 2026)",Microsoft,https://www.microsoft.com/en-us/research/wp-content/uploads/2026/09/Microsoft-AI-Diffusion-Report-2026-Q2.pdf
Uzbekistan,2026-Q1,7.2,,"Microsoft AI Economy Institute, Global AI Diffusion Q2 2026 (September 2026)",Microsoft,https://www.microsoft.com/en-us/research/wp-content/uploads/2026/09/Microsoft-AI-Diffusion-Report-2026-Q2.pdf
Syria,2026-Q2,7.4,142,"Microsoft AI Economy Institute, Global AI Diffusion Q2 2026 (September 2026)",Microsoft,https://www.microsoft.com/en-us/research/wp-content/uploads/2026/09/Microsoft-AI-Diffusion-Report-2026-Q2.pdf
Syria,2026-Q1,7.5,,"Microsoft AI Economy Institute, Global AI Diffusion Q2 2026 (September 2026)",Microsoft,https://www.microsoft.com/en-us/research/wp-content/uploads/2026/09/Microsoft-AI-Diffusion-Report-2026-Q2.pdf
Cuba,2026-Q2,6.8,143,"Microsoft AI Economy Institute, Global AI Diffusion Q2 2026 (September 2026)",Microsoft,https://www.microsoft.com/en-us/research/wp-content/uploads/2026/09/Microsoft-AI-Diffusion-Report-2026-Q2.pdf
Cuba,2026-Q1,6.7,,"Microsoft AI Economy Institute, Global AI Diffusion Q2 2026 (September 2026)",Microsoft,https://www.microsoft.com/en-us/research/wp-content/uploads/2026/09/Microsoft-AI-Diffusion-Report-2026-Q2.pdf
Tajikistan,2026-Q2,6.3,144,"Microsoft AI Economy Institute, Global AI Diffusion Q2 2026 (September 2026)",Microsoft,https://www.microsoft.com/en-us/research/wp-content/uploads/2026/09/Microsoft-AI-Diffusion-Report-2026-Q2.pdf
Tajikistan,2026-Q1,6.1,,"Microsoft AI Economy Institute, Global AI Diffusion Q2 2026 (September 2026)",Microsoft,https://www.microsoft.com/en-us/research/wp-content/uploads/2026/09/Microsoft-AI-Diffusion-Report-2026-Q2.pdf
Afghanistan,2026-Q2,6.3,145,"Microsoft AI Economy Institute, Global AI Diffusion Q2 2026 (September 2026)",Microsoft,https://www.microsoft.com/en-us/research/wp-content/uploads/2026/09/Microsoft-AI-Diffusion-Report-2026-Q2.pdf
Afghanistan,2026-Q1,6.1,,"Microsoft AI Economy Institute, Global AI Diffusion Q2 2026 (September 2026)",Microsoft,https://www.microsoft.com/en-us/research/wp-content/uploads/2026/09/Microsoft-AI-Diffusion-Report-2026-Q2.pdf
Turkmenistan,2026-Q2,6.3,146,"Microsoft AI Economy Institute, Global AI Diffusion Q2 2026 (September 2026)",Microsoft,https://www.microsoft.com/en-us/research/wp-content/uploads/2026/09/Microsoft-AI-Diffusion-Report-2026-Q2.pdf
Turkmenistan,2026-Q1,6.1,,"Microsoft AI Economy Institute, Global AI Diffusion Q2 2026 (September 2026)",Microsoft,https://www.microsoft.com/en-us/research/wp-content/uploads/2026/09/Microsoft-AI-Diffusion-Report-2026-Q2.pdf
Cambodia,2026-Q2,6.1,147,"Microsoft AI Economy Institute, Global AI Diffusion Q2 2026 (September 2026)",Microsoft,https://www.microsoft.com/en-us/research/wp-content/uploads/2026/09/Microsoft-AI-Diffusion-Report-2026-Q2.pdf
Cambodia,2026-Q1,5.8,,"Microsoft AI Economy Institute, Global AI Diffusion Q2 2026 (September 2026)",Microsoft,https://www.microsoft.com/en-us/research/wp-content/uploads/2026/09/Microsoft-AI-Diffusion-Report-2026-Q2.pdf
United Arab Emirates,2025-H1,59.4,,"Microsoft AI Economy Institute, Global AI Diffusion Report 2026 Q1 (May 2026)",Microsoft,https://www.microsoft.com/en-us/research/wp-content/uploads/2026/05/Microsoft-AI-Diffusion-Report-2026-Q1.pdf
United Arab Emirates,2025-H2,64.0,,"Microsoft AI Economy Institute, Global AI Diffusion Report 2026 Q1 (May 2026)",Microsoft,https://www.microsoft.com/en-us/research/wp-content/uploads/2026/05/Microsoft-AI-Diffusion-Report-2026-Q1.pdf
United Arab Emirates,2026-Q1,70.1,1,"Microsoft AI Economy Institute, Global AI Diffusion Report 2026 Q1 (May 2026)",Microsoft,https://www.microsoft.com/en-us/research/wp-content/uploads/2026/05/Microsoft-AI-Diffusion-Report-2026-Q1.pdf
Singapore,2025-H1,58.6,,"Microsoft AI Economy Institute, Global AI Diffusion Report 2026 Q1 (May 2026)",Microsoft,https://www.microsoft.com/en-us/research/wp-content/uploads/2026/05/Microsoft-AI-Diffusion-Report-2026-Q1.pdf
Singapore,2025-H2,60.9,,"Microsoft AI Economy Institute, Global AI Diffusion Report 2026 Q1 (May 2026)",Microsoft,https://www.microsoft.com/en-us/research/wp-content/uploads/2026/05/Microsoft-AI-Diffusion-Report-2026-Q1.pdf
Singapore,2026-Q1,63.4,2,"Microsoft AI Economy Institute, Global AI Diffusion Report 2026 Q1 (May 2026)",Microsoft,https://www.microsoft.com/en-us/research/wp-content/uploads/2026/05/Microsoft-AI-Diffusion-Report-2026-Q1.pdf
Norway,2025-H1,45.3,,"Microsoft AI Economy Institute, Global AI Diffusion Report 2026 Q1 (May 2026)",Microsoft,https://www.microsoft.com/en-us/research/wp-content/uploads/2026/05/Microsoft-AI-Diffusion-Report-2026-Q1.pdf
Norway,2025-H2,46.4,,"Microsoft AI Economy Institute, Global AI Diffusion Report 2026 Q1 (May 2026)",Microsoft,https://www.microsoft.com/en-us/research/wp-content/uploads/2026/05/Microsoft-AI-Diffusion-Report-2026-Q1.pdf
Norway,2026-Q1,48.6,3,"Microsoft AI Economy Institute, Global AI Diffusion Report 2026 Q1 (May 2026)",Microsoft,https://www.microsoft.com/en-us/research/wp-content/uploads/2026/05/Microsoft-AI-Diffusion-Report-2026-Q1.pdf
Ireland,2025-H1,41.7,,"Microsoft AI Economy Institute, Global AI Diffusion Report 2026 Q1 (May 2026)",Microsoft,https://www.microsoft.com/en-us/research/wp-content/uploads/2026/05/Microsoft-AI-Diffusion-Report-2026-Q1.pdf
Ireland,2025-H2,44.6,,"Microsoft AI Economy Institute, Global AI Diffusion Report 2026 Q1 (May 2026)",Microsoft,https://www.microsoft.com/en-us/research/wp-content/uploads/2026/05/Microsoft-AI-Diffusion-Report-2026-Q1.pdf
Ireland,2026-Q1,48.4,4,"Microsoft AI Economy Institute, Global AI Diffusion Report 2026 Q1 (May 2026)",Microsoft,https://www.microsoft.com/en-us/research/wp-content/uploads/2026/05/Microsoft-AI-Diffusion-Report-2026-Q1.pdf
France,2025-H1,40.9,,"Microsoft AI Economy Institute, Global AI Diffusion Report 2026 Q1 (May 2026)",Microsoft,https://www.microsoft.com/en-us/research/wp-content/uploads/2026/05/Microsoft-AI-Diffusion-Report-2026-Q1.pdf
France,2025-H2,44.0,,"Microsoft AI Economy Institute, Global AI Diffusion Report 2026 Q1 (May 2026)",Microsoft,https://www.microsoft.com/en-us/research/wp-content/uploads/2026/05/Microsoft-AI-Diffusion-Report-2026-Q1.pdf
France,2026-Q1,47.8,5,"Microsoft AI Economy Institute, Global AI Diffusion Report 2026 Q1 (May 2026)",Microsoft,https://www.microsoft.com/en-us/research/wp-content/uploads/2026/05/Microsoft-AI-Diffusion-Report-2026-Q1.pdf
Spain,2025-H1,39.7,,"Microsoft AI Economy Institute, Global AI Diffusion Report 2026 Q1 (May 2026)",Microsoft,https://www.microsoft.com/en-us/research/wp-content/uploads/2026/05/Microsoft-AI-Diffusion-Report-2026-Q1.pdf
Spain,2025-H2,41.8,,"Microsoft AI Economy Institute, Global AI Diffusion Report 2026 Q1 (May 2026)",Microsoft,https://www.microsoft.com/en-us/research/wp-content/uploads/2026/05/Microsoft-AI-Diffusion-Report-2026-Q1.pdf
Spain,2026-Q1,44.2,6,"Microsoft AI Economy Institute, Global AI Diffusion Report 2026 Q1 (May 2026)",Microsoft,https://www.microsoft.com/en-us/research/wp-content/uploads/2026/05/Microsoft-AI-Diffusion-Report-2026-Q1.pdf
New Zealand,2025-H1,37.6,,"Microsoft AI Economy Institute, Global AI Diffusion Report 2026 Q1 (May 2026)",Microsoft,https://www.microsoft.com/en-us/research/wp-content/uploads/2026/05/Microsoft-AI-Diffusion-Report-2026-Q1.pdf
New Zealand,2025-H2,40.5,,"Microsoft AI Economy Institute, Global AI Diffusion Report 2026 Q1 (May 2026)",Microsoft,https://www.microsoft.com/en-us/research/wp-content/uploads/2026/05/Microsoft-AI-Diffusion-Report-2026-Q1.pdf
New Zealand,2026-Q1,43.0,7,"Microsoft AI Economy Institute, Global AI Diffusion Report 2026 Q1 (May 2026)",Microsoft,https://www.microsoft.com/en-us/research/wp-content/uploads/2026/05/Microsoft-AI-Diffusion-Report-2026-Q1.pdf
United Kingdom,2025-H1,36.4,,"Microsoft AI Economy Institute, Global AI Diffusion Report 2026 Q1 (May 2026)",Microsoft,https://www.microsoft.com/en-us/research/wp-content/uploads/2026/05/Microsoft-AI-Diffusion-Report-2026-Q1.pdf
United Kingdom,2025-H2,38.9,,"Microsoft AI Economy Institute, Global AI Diffusion Report 2026 Q1 (May 2026)",Microsoft,https://www.microsoft.com/en-us/research/wp-content/uploads/2026/05/Microsoft-AI-Diffusion-Report-2026-Q1.pdf
United Kingdom,2026-Q1,42.2,8,"Microsoft AI Economy Institute, Global AI Diffusion Report 2026 Q1 (May 2026)",Microsoft,https://www.microsoft.com/en-us/research/wp-content/uploads/2026/05/Microsoft-AI-Diffusion-Report-2026-Q1.pdf
Netherlands,2025-H1,36.3,,"Microsoft AI Economy Institute, Global AI Diffusion Report 2026 Q1 (May 2026)",Microsoft,https://www.microsoft.com/en-us/research/wp-content/uploads/2026/05/Microsoft-AI-Diffusion-Report-2026-Q1.pdf
Netherlands,2025-H2,38.9,,"Microsoft AI Economy Institute, Global AI Diffusion Report 2026 Q1 (May 2026)",Microsoft,https://www.microsoft.com/en-us/research/wp-content/uploads/2026/05/Microsoft-AI-Diffusion-Report-2026-Q1.pdf
Netherlands,2026-Q1,42.1,9,"Microsoft AI Economy Institute, Global AI Diffusion Report 2026 Q1 (May 2026)",Microsoft,https://www.microsoft.com/en-us/research/wp-content/uploads/2026/05/Microsoft-AI-Diffusion-Report-2026-Q1.pdf
Qatar,2025-H1,35.7,,"Microsoft AI Economy Institute, Global AI Diffusion Report 2026 Q1 (May 2026)",Microsoft,https://www.microsoft.com/en-us/research/wp-content/uploads/2026/05/Microsoft-AI-Diffusion-Report-2026-Q1.pdf
Qatar,2025-H2,38.3,,"Microsoft AI Economy Institute, Global AI Diffusion Report 2026 Q1 (May 2026)",Microsoft,https://www.microsoft.com/en-us/research/wp-content/uploads/2026/05/Microsoft-AI-Diffusion-Report-2026-Q1.pdf
Qatar,2026-Q1,41.8,10,"Microsoft AI Economy Institute, Global AI Diffusion Report 2026 Q1 (May 2026)",Microsoft,https://www.microsoft.com/en-us/research/wp-content/uploads/2026/05/Microsoft-AI-Diffusion-Report-2026-Q1.pdf
Australia,2025-H1,34.5,,"Microsoft AI Economy Institute, Global AI Diffusion Report 2026 Q1 (May 2026)",Microsoft,https://www.microsoft.com/en-us/research/wp-content/uploads/2026/05/Microsoft-AI-Diffusion-Report-2026-Q1.pdf
Australia,2025-H2,36.9,,"Microsoft AI Economy Institute, Global AI Diffusion Report 2026 Q1 (May 2026)",Microsoft,https://www.microsoft.com/en-us/research/wp-content/uploads/2026/05/Microsoft-AI-Diffusion-Report-2026-Q1.pdf
Australia,2026-Q1,39.5,11,"Microsoft AI Economy Institute, Global AI Diffusion Report 2026 Q1 (May 2026)",Microsoft,https://www.microsoft.com/en-us/research/wp-content/uploads/2026/05/Microsoft-AI-Diffusion-Report-2026-Q1.pdf
Belgium,2025-H1,33.5,,"Microsoft AI Economy Institute, Global AI Diffusion Report 2026 Q1 (May 2026)",Microsoft,https://www.microsoft.com/en-us/research/wp-content/uploads/2026/05/Microsoft-AI-Diffusion-Report-2026-Q1.pdf
Belgium,2025-H2,36.0,,"Microsoft AI Economy Institute, Global AI Diffusion Report 2026 Q1 (May 2026)",Microsoft,https://www.microsoft.com/en-us/research/wp-content/uploads/2026/05/Microsoft-AI-Diffusion-Report-2026-Q1.pdf
Belgium,2026-Q1,39.0,12,"Microsoft AI Economy Institute, Global AI Diffusion Report 2026 Q1 (May 2026)",Microsoft,https://www.microsoft.com/en-us/research/wp-content/uploads/2026/05/Microsoft-AI-Diffusion-Report-2026-Q1.pdf
Israel,2025-H1,33.9,,"Microsoft AI Economy Institute, Global AI Diffusion Report 2026 Q1 (May 2026)",Microsoft,https://www.microsoft.com/en-us/research/wp-content/uploads/2026/05/Microsoft-AI-Diffusion-Report-2026-Q1.pdf
Israel,2025-H2,36.1,,"Microsoft AI Economy Institute, Global AI Diffusion Report 2026 Q1 (May 2026)",Microsoft,https://www.microsoft.com/en-us/research/wp-content/uploads/2026/05/Microsoft-AI-Diffusion-Report-2026-Q1.pdf
Israel,2026-Q1,38.1,13,"Microsoft AI Economy Institute, Global AI Diffusion Report 2026 Q1 (May 2026)",Microsoft,https://www.microsoft.com/en-us/research/wp-content/uploads/2026/05/Microsoft-AI-Diffusion-Report-2026-Q1.pdf
Switzerland,2025-H1,32.4,,"Microsoft AI Economy Institute, Global AI Diffusion Report 2026 Q1 (May 2026)",Microsoft,https://www.microsoft.com/en-us/research/wp-content/uploads/2026/05/Microsoft-AI-Diffusion-Report-2026-Q1.pdf
Switzerland,2025-H2,34.8,,"Microsoft AI Economy Institute, Global AI Diffusion Report 2026 Q1 (May 2026)",Microsoft,https://www.microsoft.com/en-us/research/wp-content/uploads/2026/05/Microsoft-AI-Diffusion-Report-2026-Q1.pdf
Switzerland,2026-Q1,37.8,14,"Microsoft AI Economy Institute, Global AI Diffusion Report 2026 Q1 (May 2026)",Microsoft,https://www.microsoft.com/en-us/research/wp-content/uploads/2026/05/Microsoft-AI-Diffusion-Report-2026-Q1.pdf
Canada,2025-H1,33.5,,"Microsoft AI Economy Institute, Global AI Diffusion Report 2026 Q1 (May 2026)",Microsoft,https://www.microsoft.com/en-us/research/wp-content/uploads/2026/05/Microsoft-AI-Diffusion-Report-2026-Q1.pdf
Canada,2025-H2,35.0,,"Microsoft AI Economy Institute, Global AI Diffusion Report 2026 Q1 (May 2026)",Microsoft,https://www.microsoft.com/en-us/research/wp-content/uploads/2026/05/Microsoft-AI-Diffusion-Report-2026-Q1.pdf
Canada,2026-Q1,37.3,15,"Microsoft AI Economy Institute, Global AI Diffusion Report 2026 Q1 (May 2026)",Microsoft,https://www.microsoft.com/en-us/research/wp-content/uploads/2026/05/Microsoft-AI-Diffusion-Report-2026-Q1.pdf
South Korea,2025-H1,25.9,,"Microsoft AI Economy Institute, Global AI Diffusion Report 2026 Q1 (May 2026)",Microsoft,https://www.microsoft.com/en-us/research/wp-content/uploads/2026/05/Microsoft-AI-Diffusion-Report-2026-Q1.pdf
South Korea,2025-H2,30.7,,"Microsoft AI Economy Institute, Global AI Diffusion Report 2026 Q1 (May 2026)",Microsoft,https://www.microsoft.com/en-us/research/wp-content/uploads/2026/05/Microsoft-AI-Diffusion-Report-2026-Q1.pdf
South Korea,2026-Q1,37.1,16,"Microsoft AI Economy Institute, Global AI Diffusion Report 2026 Q1 (May 2026)",Microsoft,https://www.microsoft.com/en-us/research/wp-content/uploads/2026/05/Microsoft-AI-Diffusion-Report-2026-Q1.pdf
Sweden,2025-H1,31.2,,"Microsoft AI Economy Institute, Global AI Diffusion Report 2026 Q1 (May 2026)",Microsoft,https://www.microsoft.com/en-us/research/wp-content/uploads/2026/05/Microsoft-AI-Diffusion-Report-2026-Q1.pdf
Sweden,2025-H2,33.3,,"Microsoft AI Economy Institute, Global AI Diffusion Report 2026 Q1 (May 2026)",Microsoft,https://www.microsoft.com/en-us/research/wp-content/uploads/2026/05/Microsoft-AI-Diffusion-Report-2026-Q1.pdf
Sweden,2026-Q1,36.1,17,"Microsoft AI Economy Institute, Global AI Diffusion Report 2026 Q1 (May 2026)",Microsoft,https://www.microsoft.com/en-us/research/wp-content/uploads/2026/05/Microsoft-AI-Diffusion-Report-2026-Q1.pdf
Austria,2025-H1,29.1,,"Microsoft AI Economy Institute, Global AI Diffusion Report 2026 Q1 (May 2026)",Microsoft,https://www.microsoft.com/en-us/research/wp-content/uploads/2026/05/Microsoft-AI-Diffusion-Report-2026-Q1.pdf
Austria,2025-H2,31.4,,"Microsoft AI Economy Institute, Global AI Diffusion Report 2026 Q1 (May 2026)",Microsoft,https://www.microsoft.com/en-us/research/wp-content/uploads/2026/05/Microsoft-AI-Diffusion-Report-2026-Q1.pdf
Austria,2026-Q1,34.1,18,"Microsoft AI Economy Institute, Global AI Diffusion Report 2026 Q1 (May 2026)",Microsoft,https://www.microsoft.com/en-us/research/wp-content/uploads/2026/05/Microsoft-AI-Diffusion-Report-2026-Q1.pdf
Hungary,2025-H1,27.9,,"Microsoft AI Economy Institute, Global AI Diffusion Report 2026 Q1 (May 2026)",Microsoft,https://www.microsoft.com/en-us/research/wp-content/uploads/2026/05/Microsoft-AI-Diffusion-Report-2026-Q1.pdf
Hungary,2025-H2,29.8,,"Microsoft AI Economy Institute, Global AI Diffusion Report 2026 Q1 (May 2026)",Microsoft,https://www.microsoft.com/en-us/research/wp-content/uploads/2026/05/Microsoft-AI-Diffusion-Report-2026-Q1.pdf
Hungary,2026-Q1,32.2,19,"Microsoft AI Economy Institute, Global AI Diffusion Report 2026 Q1 (May 2026)",Microsoft,https://www.microsoft.com/en-us/research/wp-content/uploads/2026/05/Microsoft-AI-Diffusion-Report-2026-Q1.pdf
Taiwan,2025-H1,26.4,,"Microsoft AI Economy Institute, Global AI Diffusion Report 2026 Q1 (May 2026)",Microsoft,https://www.microsoft.com/en-us/research/wp-content/uploads/2026/05/Microsoft-AI-Diffusion-Report-2026-Q1.pdf
Taiwan,2025-H2,28.4,,"Microsoft AI Economy Institute, Global AI Diffusion Report 2026 Q1 (May 2026)",Microsoft,https://www.microsoft.com/en-us/research/wp-content/uploads/2026/05/Microsoft-AI-Diffusion-Report-2026-Q1.pdf
Taiwan,2026-Q1,31.8,20,"Microsoft AI Economy Institute, Global AI Diffusion Report 2026 Q1 (May 2026)",Microsoft,https://www.microsoft.com/en-us/research/wp-content/uploads/2026/05/Microsoft-AI-Diffusion-Report-2026-Q1.pdf
United States,2025-H1,26.3,,"Microsoft AI Economy Institute, Global AI Diffusion Report 2026 Q1 (May 2026)",Microsoft,https://www.microsoft.com/en-us/research/wp-content/uploads/2026/05/Microsoft-AI-Diffusion-Report-2026-Q1.pdf
United States,2025-H2,28.3,,"Microsoft AI Economy Institute, Global AI Diffusion Report 2026 Q1 (May 2026)",Microsoft,https://www.microsoft.com/en-us/research/wp-content/uploads/2026/05/Microsoft-AI-Diffusion-Report-2026-Q1.pdf
United States,2026-Q1,31.3,21,"Microsoft AI Economy Institute, Global AI Diffusion Report 2026 Q1 (May 2026)",Microsoft,https://www.microsoft.com/en-us/research/wp-content/uploads/2026/05/Microsoft-AI-Diffusion-Report-2026-Q1.pdf
Denmark,2025-H1,26.6,,"Microsoft AI Economy Institute, Global AI Diffusion Report 2026 Q1 (May 2026)",Microsoft,https://www.microsoft.com/en-us/research/wp-content/uploads/2026/05/Microsoft-AI-Diffusion-Report-2026-Q1.pdf
Denmark,2025-H2,28.7,,"Microsoft AI Economy Institute, Global AI Diffusion Report 2026 Q1 (May 2026)",Microsoft,https://www.microsoft.com/en-us/research/wp-content/uploads/2026/05/Microsoft-AI-Diffusion-Report-2026-Q1.pdf
Denmark,2026-Q1,31.2,22,"Microsoft AI Economy Institute, Global AI Diffusion Report 2026 Q1 (May 2026)",Microsoft,https://www.microsoft.com/en-us/research/wp-content/uploads/2026/05/Microsoft-AI-Diffusion-Report-2026-Q1.pdf
Germany,2025-H1,26.5,,"Microsoft AI Economy Institute, Global AI Diffusion Report 2026 Q1 (May 2026)",Microsoft,https://www.microsoft.com/en-us/research/wp-content/uploads/2026/05/Microsoft-AI-Diffusion-Report-2026-Q1.pdf
Germany,2025-H2,28.6,,"Microsoft AI Economy Institute, Global AI Diffusion Report 2026 Q1 (May 2026)",Microsoft,https://www.microsoft.com/en-us/research/wp-content/uploads/2026/05/Microsoft-AI-Diffusion-Report-2026-Q1.pdf
Germany,2026-Q1,31.1,23,"Microsoft AI Economy Institute, Global AI Diffusion Report 2026 Q1 (May 2026)",Microsoft,https://www.microsoft.com/en-us/research/wp-content/uploads/2026/05/Microsoft-AI-Diffusion-Report-2026-Q1.pdf
Poland,2025-H1,26.4,,"Microsoft AI Economy Institute, Global AI Diffusion Report 2026 Q1 (May 2026)",Microsoft,https://www.microsoft.com/en-us/research/wp-content/uploads/2026/05/Microsoft-AI-Diffusion-Report-2026-Q1.pdf
Poland,2025-H2,28.5,,"Microsoft AI Economy Institute, Global AI Diffusion Report 2026 Q1 (May 2026)",Microsoft,https://www.microsoft.com/en-us/research/wp-content/uploads/2026/05/Microsoft-AI-Diffusion-Report-2026-Q1.pdf
Poland,2026-Q1,31.0,24,"Microsoft AI Economy Institute, Global AI Diffusion Report 2026 Q1 (May 2026)",Microsoft,https://www.microsoft.com/en-us/research/wp-content/uploads/2026/05/Microsoft-AI-Diffusion-Report-2026-Q1.pdf
Italy,2025-H1,25.8,,"Microsoft AI Economy Institute, Global AI Diffusion Report 2026 Q1 (May 2026)",Microsoft,https://www.microsoft.com/en-us/research/wp-content/uploads/2026/05/Microsoft-AI-Diffusion-Report-2026-Q1.pdf
Italy,2025-H2,27.8,,"Microsoft AI Economy Institute, Global AI Diffusion Report 2026 Q1 (May 2026)",Microsoft,https://www.microsoft.com/en-us/research/wp-content/uploads/2026/05/Microsoft-AI-Diffusion-Report-2026-Q1.pdf
Italy,2026-Q1,30.2,25,"Microsoft AI Economy Institute, Global AI Diffusion Report 2026 Q1 (May 2026)",Microsoft,https://www.microsoft.com/en-us/research/wp-content/uploads/2026/05/Microsoft-AI-Diffusion-Report-2026-Q1.pdf
Czech Republic,2025-H1,26.0,,"Microsoft AI Economy Institute, Global AI Diffusion Report 2026 Q1 (May 2026)",Microsoft,https://www.microsoft.com/en-us/research/wp-content/uploads/2026/05/Microsoft-AI-Diffusion-Report-2026-Q1.pdf
Czech Republic,2025-H2,27.8,,"Microsoft AI Economy Institute, Global AI Diffusion Report 2026 Q1 (May 2026)",Microsoft,https://www.microsoft.com/en-us/research/wp-content/uploads/2026/05/Microsoft-AI-Diffusion-Report-2026-Q1.pdf
Czech Republic,2026-Q1,30.1,26,"Microsoft AI Economy Institute, Global AI Diffusion Report 2026 Q1 (May 2026)",Microsoft,https://www.microsoft.com/en-us/research/wp-content/uploads/2026/05/Microsoft-AI-Diffusion-Report-2026-Q1.pdf
Jordan,2025-H1,25.4,,"Microsoft AI Economy Institute, Global AI Diffusion Report 2026 Q1 (May 2026)",Microsoft,https://www.microsoft.com/en-us/research/wp-content/uploads/2026/05/Microsoft-AI-Diffusion-Report-2026-Q1.pdf
Jordan,2025-H2,27.0,,"Microsoft AI Economy Institute, Global AI Diffusion Report 2026 Q1 (May 2026)",Microsoft,https://www.microsoft.com/en-us/research/wp-content/uploads/2026/05/Microsoft-AI-Diffusion-Report-2026-Q1.pdf
Jordan,2026-Q1,29.7,27,"Microsoft AI Economy Institute, Global AI Diffusion Report 2026 Q1 (May 2026)",Microsoft,https://www.microsoft.com/en-us/research/wp-content/uploads/2026/05/Microsoft-AI-Diffusion-Report-2026-Q1.pdf
Bulgaria,2025-H1,25.4,,"Microsoft AI Economy Institute, Global AI Diffusion Report 2026 Q1 (May 2026)",Microsoft,https://www.microsoft.com/en-us/research/wp-content/uploads/2026/05/Microsoft-AI-Diffusion-Report-2026-Q1.pdf
Bulgaria,2025-H2,27.3,,"Microsoft AI Economy Institute, Global AI Diffusion Report 2026 Q1 (May 2026)",Microsoft,https://www.microsoft.com/en-us/research/wp-content/uploads/2026/05/Microsoft-AI-Diffusion-Report-2026-Q1.pdf
Bulgaria,2026-Q1,29.7,28,"Microsoft AI Economy Institute, Global AI Diffusion Report 2026 Q1 (May 2026)",Microsoft,https://www.microsoft.com/en-us/research/wp-content/uploads/2026/05/Microsoft-AI-Diffusion-Report-2026-Q1.pdf
Finland,2025-H1,25.6,,"Microsoft AI Economy Institute, Global AI Diffusion Report 2026 Q1 (May 2026)",Microsoft,https://www.microsoft.com/en-us/research/wp-content/uploads/2026/05/Microsoft-AI-Diffusion-Report-2026-Q1.pdf
Finland,2025-H2,27.3,,"Microsoft AI Economy Institute, Global AI Diffusion Report 2026 Q1 (May 2026)",Microsoft,https://www.microsoft.com/en-us/research/wp-content/uploads/2026/05/Microsoft-AI-Diffusion-Report-2026-Q1.pdf
Finland,2026-Q1,29.5,29,"Microsoft AI Economy Institute, Global AI Diffusion Report 2026 Q1 (May 2026)",Microsoft,https://www.microsoft.com/en-us/research/wp-content/uploads/2026/05/Microsoft-AI-Diffusion-Report-2026-Q1.pdf
Saudi Arabia,2025-H1,23.7,,"Microsoft AI Economy Institute, Global AI Diffusion Report 2026 Q1 (May 2026)",Microsoft,https://www.microsoft.com/en-us/research/wp-content/uploads/2026/05/Microsoft-AI-Diffusion-Report-2026-Q1.pdf
Saudi Arabia,2025-H2,26.2,,"Microsoft AI Economy Institute, Global AI Diffusion Report 2026 Q1 (May 2026)",Microsoft,https://www.microsoft.com/en-us/research/wp-content/uploads/2026/05/Microsoft-AI-Diffusion-Report-2026-Q1.pdf
Saudi Arabia,2026-Q1,29.4,30,"Microsoft AI Economy Institute, Global AI Diffusion Report 2026 Q1 (May 2026)",Microsoft,https://www.microsoft.com/en-us/research/wp-content/uploads/2026/05/Microsoft-AI-Diffusion-Report-2026-Q1.pdf
Slovenia,2025-H1,24.6,,"Microsoft AI Economy Institute, Global AI Diffusion Report 2026 Q1 (May 2026)",Microsoft,https://www.microsoft.com/en-us/research/wp-content/uploads/2026/05/Microsoft-AI-Diffusion-Report-2026-Q1.pdf
Slovenia,2025-H2,26.5,,"Microsoft AI Economy Institute, Global AI Diffusion Report 2026 Q1 (May 2026)",Microsoft,https://www.microsoft.com/en-us/research/wp-content/uploads/2026/05/Microsoft-AI-Diffusion-Report-2026-Q1.pdf
Slovenia,2026-Q1,29.0,31,"Microsoft AI Economy Institute, Global AI Diffusion Report 2026 Q1 (May 2026)",Microsoft,https://www.microsoft.com/en-us/research/wp-content/uploads/2026/05/Microsoft-AI-Diffusion-Report-2026-Q1.pdf
Costa Rica,2025-H1,25.1,,"Microsoft AI Economy Institute, Global AI Diffusion Report 2026 Q1 (May 2026)",Microsoft,https://www.microsoft.com/en-us/research/wp-content/uploads/2026/05/Microsoft-AI-Diffusion-Report-2026-Q1.pdf
Costa Rica,2025-H2,26.5,,"Microsoft AI Economy Institute, Global AI Diffusion Report 2026 Q1 (May 2026)",Microsoft,https://www.microsoft.com/en-us/research/wp-content/uploads/2026/05/Microsoft-AI-Diffusion-Report-2026-Q1.pdf
Costa Rica,2026-Q1,28.5,32,"Microsoft AI Economy Institute, Global AI Diffusion Report 2026 Q1 (May 2026)",Microsoft,https://www.microsoft.com/en-us/research/wp-content/uploads/2026/05/Microsoft-AI-Diffusion-Report-2026-Q1.pdf
Lebanon,2025-H1,24.8,,"Microsoft AI Economy Institute, Global AI Diffusion Report 2026 Q1 (May 2026)",Microsoft,https://www.microsoft.com/en-us/research/wp-content/uploads/2026/05/Microsoft-AI-Diffusion-Report-2026-Q1.pdf
Lebanon,2025-H2,25.7,,"Microsoft AI Economy Institute, Global AI Diffusion Report 2026 Q1 (May 2026)",Microsoft,https://www.microsoft.com/en-us/research/wp-content/uploads/2026/05/Microsoft-AI-Diffusion-Report-2026-Q1.pdf
Lebanon,2026-Q1,27.3,33,"Microsoft AI Economy Institute, Global AI Diffusion Report 2026 Q1 (May 2026)",Microsoft,https://www.microsoft.com/en-us/research/wp-content/uploads/2026/05/Microsoft-AI-Diffusion-Report-2026-Q1.pdf
Vietnam,2025-H1,21.2,,"Microsoft AI Economy Institute, Global AI Diffusion Report 2026 Q1 (May 2026)",Microsoft,https://www.microsoft.com/en-us/research/wp-content/uploads/2026/05/Microsoft-AI-Diffusion-Report-2026-Q1.pdf
Vietnam,2025-H2,23.5,,"Microsoft AI Economy Institute, Global AI Diffusion Report 2026 Q1 (May 2026)",Microsoft,https://www.microsoft.com/en-us/research/wp-content/uploads/2026/05/Microsoft-AI-Diffusion-Report-2026-Q1.pdf
Vietnam,2026-Q1,26.5,34,"Microsoft AI Economy Institute, Global AI Diffusion Report 2026 Q1 (May 2026)",Microsoft,https://www.microsoft.com/en-us/research/wp-content/uploads/2026/05/Microsoft-AI-Diffusion-Report-2026-Q1.pdf
Oman,2025-H1,22.6,,"Microsoft AI Economy Institute, Global AI Diffusion Report 2026 Q1 (May 2026)",Microsoft,https://www.microsoft.com/en-us/research/wp-content/uploads/2026/05/Microsoft-AI-Diffusion-Report-2026-Q1.pdf
Oman,2025-H2,24.2,,"Microsoft AI Economy Institute, Global AI Diffusion Report 2026 Q1 (May 2026)",Microsoft,https://www.microsoft.com/en-us/research/wp-content/uploads/2026/05/Microsoft-AI-Diffusion-Report-2026-Q1.pdf
Oman,2026-Q1,26.5,35,"Microsoft AI Economy Institute, Global AI Diffusion Report 2026 Q1 (May 2026)",Microsoft,https://www.microsoft.com/en-us/research/wp-content/uploads/2026/05/Microsoft-AI-Diffusion-Report-2026-Q1.pdf
Portugal,2025-H1,22.4,,"Microsoft AI Economy Institute, Global AI Diffusion Report 2026 Q1 (May 2026)",Microsoft,https://www.microsoft.com/en-us/research/wp-content/uploads/2026/05/Microsoft-AI-Diffusion-Report-2026-Q1.pdf
Portugal,2025-H2,24.2,,"Microsoft AI Economy Institute, Global AI Diffusion Report 2026 Q1 (May 2026)",Microsoft,https://www.microsoft.com/en-us/research/wp-content/uploads/2026/05/Microsoft-AI-Diffusion-Report-2026-Q1.pdf
Portugal,2026-Q1,26.4,36,"Microsoft AI Economy Institute, Global AI Diffusion Report 2026 Q1 (May 2026)",Microsoft,https://www.microsoft.com/en-us/research/wp-content/uploads/2026/05/Microsoft-AI-Diffusion-Report-2026-Q1.pdf
Croatia,2025-H1,21.8,,"Microsoft AI Economy Institute, Global AI Diffusion Report 2026 Q1 (May 2026)",Microsoft,https://www.microsoft.com/en-us/research/wp-content/uploads/2026/05/Microsoft-AI-Diffusion-Report-2026-Q1.pdf
Croatia,2025-H2,23.7,,"Microsoft AI Economy Institute, Global AI Diffusion Report 2026 Q1 (May 2026)",Microsoft,https://www.microsoft.com/en-us/research/wp-content/uploads/2026/05/Microsoft-AI-Diffusion-Report-2026-Q1.pdf
Croatia,2026-Q1,26.1,37,"Microsoft AI Economy Institute, Global AI Diffusion Report 2026 Q1 (May 2026)",Microsoft,https://www.microsoft.com/en-us/research/wp-content/uploads/2026/05/Microsoft-AI-Diffusion-Report-2026-Q1.pdf
Slovak Republic,2025-H1,22.1,,"Microsoft AI Economy Institute, Global AI Diffusion Report 2026 Q1 (May 2026)",Microsoft,https://www.microsoft.com/en-us/research/wp-content/uploads/2026/05/Microsoft-AI-Diffusion-Report-2026-Q1.pdf
Slovak Republic,2025-H2,23.8,,"Microsoft AI Economy Institute, Global AI Diffusion Report 2026 Q1 (May 2026)",Microsoft,https://www.microsoft.com/en-us/research/wp-content/uploads/2026/05/Microsoft-AI-Diffusion-Report-2026-Q1.pdf
Slovak Republic,2026-Q1,26.1,38,"Microsoft AI Economy Institute, Global AI Diffusion Report 2026 Q1 (May 2026)",Microsoft,https://www.microsoft.com/en-us/research/wp-content/uploads/2026/05/Microsoft-AI-Diffusion-Report-2026-Q1.pdf
Dominican Republic,2025-H1,22.0,,"Microsoft AI Economy Institute, Global AI Diffusion Report 2026 Q1 (May 2026)",Microsoft,https://www.microsoft.com/en-us/research/wp-content/uploads/2026/05/Microsoft-AI-Diffusion-Report-2026-Q1.pdf
Dominican Republic,2025-H2,22.7,,"Microsoft AI Economy Institute, Global AI Diffusion Report 2026 Q1 (May 2026)",Microsoft,https://www.microsoft.com/en-us/research/wp-content/uploads/2026/05/Microsoft-AI-Diffusion-Report-2026-Q1.pdf
Dominican Republic,2026-Q1,24.8,39,"Microsoft AI Economy Institute, Global AI Diffusion Report 2026 Q1 (May 2026)",Microsoft,https://www.microsoft.com/en-us/research/wp-content/uploads/2026/05/Microsoft-AI-Diffusion-Report-2026-Q1.pdf
Uruguay,2025-H1,20.9,,"Microsoft AI Economy Institute, Global AI Diffusion Report 2026 Q1 (May 2026)",Microsoft,https://www.microsoft.com/en-us/research/wp-content/uploads/2026/05/Microsoft-AI-Diffusion-Report-2026-Q1.pdf
Uruguay,2025-H2,22.5,,"Microsoft AI Economy Institute, Global AI Diffusion Report 2026 Q1 (May 2026)",Microsoft,https://www.microsoft.com/en-us/research/wp-content/uploads/2026/05/Microsoft-AI-Diffusion-Report-2026-Q1.pdf
Uruguay,2026-Q1,24.6,40,"Microsoft AI Economy Institute, Global AI Diffusion Report 2026 Q1 (May 2026)",Microsoft,https://www.microsoft.com/en-us/research/wp-content/uploads/2026/05/Microsoft-AI-Diffusion-Report-2026-Q1.pdf
Colombia,2025-H1,20.4,,"Microsoft AI Economy Institute, Global AI Diffusion Report 2026 Q1 (May 2026)",Microsoft,https://www.microsoft.com/en-us/research/wp-content/uploads/2026/05/Microsoft-AI-Diffusion-Report-2026-Q1.pdf
Colombia,2025-H2,22.0,,"Microsoft AI Economy Institute, Global AI Diffusion Report 2026 Q1 (May 2026)",Microsoft,https://www.microsoft.com/en-us/research/wp-content/uploads/2026/05/Microsoft-AI-Diffusion-Report-2026-Q1.pdf
Colombia,2026-Q1,24.5,41,"Microsoft AI Economy Institute, Global AI Diffusion Report 2026 Q1 (May 2026)",Microsoft,https://www.microsoft.com/en-us/research/wp-content/uploads/2026/05/Microsoft-AI-Diffusion-Report-2026-Q1.pdf
Lithuania,2025-H1,21.0,,"Microsoft AI Economy Institute, Global AI Diffusion Report 2026 Q1 (May 2026)",Microsoft,https://www.microsoft.com/en-us/research/wp-content/uploads/2026/05/Microsoft-AI-Diffusion-Report-2026-Q1.pdf
Lithuania,2025-H2,22.4,,"Microsoft AI Economy Institute, Global AI Diffusion Report 2026 Q1 (May 2026)",Microsoft,https://www.microsoft.com/en-us/research/wp-content/uploads/2026/05/Microsoft-AI-Diffusion-Report-2026-Q1.pdf
Lithuania,2026-Q1,24.3,42,"Microsoft AI Economy Institute, Global AI Diffusion Report 2026 Q1 (May 2026)",Microsoft,https://www.microsoft.com/en-us/research/wp-content/uploads/2026/05/Microsoft-AI-Diffusion-Report-2026-Q1.pdf
Serbia,2025-H1,19.7,,"Microsoft AI Economy Institute, Global AI Diffusion Report 2026 Q1 (May 2026)",Microsoft,https://www.microsoft.com/en-us/research/wp-content/uploads/2026/05/Microsoft-AI-Diffusion-Report-2026-Q1.pdf
Serbia,2025-H2,21.5,,"Microsoft AI Economy Institute, Global AI Diffusion Report 2026 Q1 (May 2026)",Microsoft,https://www.microsoft.com/en-us/research/wp-content/uploads/2026/05/Microsoft-AI-Diffusion-Report-2026-Q1.pdf
Serbia,2026-Q1,24.1,43,"Microsoft AI Economy Institute, Global AI Diffusion Report 2026 Q1 (May 2026)",Microsoft,https://www.microsoft.com/en-us/research/wp-content/uploads/2026/05/Microsoft-AI-Diffusion-Report-2026-Q1.pdf
Jamaica,2025-H1,22.2,,"Microsoft AI Economy Institute, Global AI Diffusion Report 2026 Q1 (May 2026)",Microsoft,https://www.microsoft.com/en-us/research/wp-content/uploads/2026/05/Microsoft-AI-Diffusion-Report-2026-Q1.pdf
Jamaica,2025-H2,22.1,,"Microsoft AI Economy Institute, Global AI Diffusion Report 2026 Q1 (May 2026)",Microsoft,https://www.microsoft.com/en-us/research/wp-content/uploads/2026/05/Microsoft-AI-Diffusion-Report-2026-Q1.pdf
Jamaica,2026-Q1,24.0,44,"Microsoft AI Economy Institute, Global AI Diffusion Report 2026 Q1 (May 2026)",Microsoft,https://www.microsoft.com/en-us/research/wp-content/uploads/2026/05/Microsoft-AI-Diffusion-Report-2026-Q1.pdf
Panama,2025-H1,20.3,,"Microsoft AI Economy Institute, Global AI Diffusion Report 2026 Q1 (May 2026)",Microsoft,https://www.microsoft.com/en-us/research/wp-content/uploads/2026/05/Microsoft-AI-Diffusion-Report-2026-Q1.pdf
Panama,2025-H2,21.5,,"Microsoft AI Economy Institute, Global AI Diffusion Report 2026 Q1 (May 2026)",Microsoft,https://www.microsoft.com/en-us/research/wp-content/uploads/2026/05/Microsoft-AI-Diffusion-Report-2026-Q1.pdf
Panama,2026-Q1,23.3,45,"Microsoft AI Economy Institute, Global AI Diffusion Report 2026 Q1 (May 2026)",Microsoft,https://www.microsoft.com/en-us/research/wp-content/uploads/2026/05/Microsoft-AI-Diffusion-Report-2026-Q1.pdf
South Africa,2025-H1,19.3,,"Microsoft AI Economy Institute, Global AI Diffusion Report 2026 Q1 (May 2026)",Microsoft,https://www.microsoft.com/en-us/research/wp-content/uploads/2026/05/Microsoft-AI-Diffusion-Report-2026-Q1.pdf
South Africa,2025-H2,21.1,,"Microsoft AI Economy Institute, Global AI Diffusion Report 2026 Q1 (May 2026)",Microsoft,https://www.microsoft.com/en-us/research/wp-content/uploads/2026/05/Microsoft-AI-Diffusion-Report-2026-Q1.pdf
South Africa,2026-Q1,23.1,46,"Microsoft AI Economy Institute, Global AI Diffusion Report 2026 Q1 (May 2026)",Microsoft,https://www.microsoft.com/en-us/research/wp-content/uploads/2026/05/Microsoft-AI-Diffusion-Report-2026-Q1.pdf
Chile,2025-H1,19.6,,"Microsoft AI Economy Institute, Global AI Diffusion Report 2026 Q1 (May 2026)",Microsoft,https://www.microsoft.com/en-us/research/wp-content/uploads/2026/05/Microsoft-AI-Diffusion-Report-2026-Q1.pdf
Chile,2025-H2,20.8,,"Microsoft AI Economy Institute, Global AI Diffusion Report 2026 Q1 (May 2026)",Microsoft,https://www.microsoft.com/en-us/research/wp-content/uploads/2026/05/Microsoft-AI-Diffusion-Report-2026-Q1.pdf
Chile,2026-Q1,22.7,47,"Microsoft AI Economy Institute, Global AI Diffusion Report 2026 Q1 (May 2026)",Microsoft,https://www.microsoft.com/en-us/research/wp-content/uploads/2026/05/Microsoft-AI-Diffusion-Report-2026-Q1.pdf
Japan,2025-H1,16.7,,"Microsoft AI Economy Institute, Global AI Diffusion Report 2026 Q1 (May 2026)",Microsoft,https://www.microsoft.com/en-us/research/wp-content/uploads/2026/05/Microsoft-AI-Diffusion-Report-2026-Q1.pdf
Japan,2025-H2,19.1,,"Microsoft AI Economy Institute, Global AI Diffusion Report 2026 Q1 (May 2026)",Microsoft,https://www.microsoft.com/en-us/research/wp-content/uploads/2026/05/Microsoft-AI-Diffusion-Report-2026-Q1.pdf
Japan,2026-Q1,22.5,48,"Microsoft AI Economy Institute, Global AI Diffusion Report 2026 Q1 (May 2026)",Microsoft,https://www.microsoft.com/en-us/research/wp-content/uploads/2026/05/Microsoft-AI-Diffusion-Report-2026-Q1.pdf
Bosnia and Herzegovina,2025-H1,18.2,,"Microsoft AI Economy Institute, Global AI Diffusion Report 2026 Q1 (May 2026)",Microsoft,https://www.microsoft.com/en-us/research/wp-content/uploads/2026/05/Microsoft-AI-Diffusion-Report-2026-Q1.pdf
Bosnia and Herzegovina,2025-H2,19.5,,"Microsoft AI Economy Institute, Global AI Diffusion Report 2026 Q1 (May 2026)",Microsoft,https://www.microsoft.com/en-us/research/wp-content/uploads/2026/05/Microsoft-AI-Diffusion-Report-2026-Q1.pdf
Bosnia and Herzegovina,2026-Q1,22.1,49,"Microsoft AI Economy Institute, Global AI Diffusion Report 2026 Q1 (May 2026)",Microsoft,https://www.microsoft.com/en-us/research/wp-content/uploads/2026/05/Microsoft-AI-Diffusion-Report-2026-Q1.pdf
Argentina,2025-H1,17.8,,"Microsoft AI Economy Institute, Global AI Diffusion Report 2026 Q1 (May 2026)",Microsoft,https://www.microsoft.com/en-us/research/wp-content/uploads/2026/05/Microsoft-AI-Diffusion-Report-2026-Q1.pdf
Argentina,2025-H2,19.6,,"Microsoft AI Economy Institute, Global AI Diffusion Report 2026 Q1 (May 2026)",Microsoft,https://www.microsoft.com/en-us/research/wp-content/uploads/2026/05/Microsoft-AI-Diffusion-Report-2026-Q1.pdf
Argentina,2026-Q1,21.9,50,"Microsoft AI Economy Institute, Global AI Diffusion Report 2026 Q1 (May 2026)",Microsoft,https://www.microsoft.com/en-us/research/wp-content/uploads/2026/05/Microsoft-AI-Diffusion-Report-2026-Q1.pdf
Malaysia,2025-H1,18.3,,"Microsoft AI Economy Institute, Global AI Diffusion Report 2026 Q1 (May 2026)",Microsoft,https://www.microsoft.com/en-us/research/wp-content/uploads/2026/05/Microsoft-AI-Diffusion-Report-2026-Q1.pdf
Malaysia,2025-H2,19.7,,"Microsoft AI Economy Institute, Global AI Diffusion Report 2026 Q1 (May 2026)",Microsoft,https://www.microsoft.com/en-us/research/wp-content/uploads/2026/05/Microsoft-AI-Diffusion-Report-2026-Q1.pdf
Malaysia,2026-Q1,21.8,51,"Microsoft AI Economy Institute, Global AI Diffusion Report 2026 Q1 (May 2026)",Microsoft,https://www.microsoft.com/en-us/research/wp-content/uploads/2026/05/Microsoft-AI-Diffusion-Report-2026-Q1.pdf
Kuwait,2025-H1,17.7,,"Microsoft AI Economy Institute, Global AI Diffusion Report 2026 Q1 (May 2026)",Microsoft,https://www.microsoft.com/en-us/research/wp-content/uploads/2026/05/Microsoft-AI-Diffusion-Report-2026-Q1.pdf
Kuwait,2025-H2,19.1,,"Microsoft AI Economy Institute, Global AI Diffusion Report 2026 Q1 (May 2026)",Microsoft,https://www.microsoft.com/en-us/research/wp-content/uploads/2026/05/Microsoft-AI-Diffusion-Report-2026-Q1.pdf
Kuwait,2026-Q1,21.1,52,"Microsoft AI Economy Institute, Global AI Diffusion Report 2026 Q1 (May 2026)",Microsoft,https://www.microsoft.com/en-us/research/wp-content/uploads/2026/05/Microsoft-AI-Diffusion-Report-2026-Q1.pdf
Greece,2025-H1,17.7,,"Microsoft AI Economy Institute, Global AI Diffusion Report 2026 Q1 (May 2026)",Microsoft,https://www.microsoft.com/en-us/research/wp-content/uploads/2026/05/Microsoft-AI-Diffusion-Report-2026-Q1.pdf
Greece,2025-H2,19.1,,"Microsoft AI Economy Institute, Global AI Diffusion Report 2026 Q1 (May 2026)",Microsoft,https://www.microsoft.com/en-us/research/wp-content/uploads/2026/05/Microsoft-AI-Diffusion-Report-2026-Q1.pdf
Greece,2026-Q1,20.8,53,"Microsoft AI Economy Institute, Global AI Diffusion Report 2026 Q1 (May 2026)",Microsoft,https://www.microsoft.com/en-us/research/wp-content/uploads/2026/05/Microsoft-AI-Diffusion-Report-2026-Q1.pdf
Georgia,2025-H1,17.3,,"Microsoft AI Economy Institute, Global AI Diffusion Report 2026 Q1 (May 2026)",Microsoft,https://www.microsoft.com/en-us/research/wp-content/uploads/2026/05/Microsoft-AI-Diffusion-Report-2026-Q1.pdf
Georgia,2025-H2,18.2,,"Microsoft AI Economy Institute, Global AI Diffusion Report 2026 Q1 (May 2026)",Microsoft,https://www.microsoft.com/en-us/research/wp-content/uploads/2026/05/Microsoft-AI-Diffusion-Report-2026-Q1.pdf
Georgia,2026-Q1,20.5,54,"Microsoft AI Economy Institute, Global AI Diffusion Report 2026 Q1 (May 2026)",Microsoft,https://www.microsoft.com/en-us/research/wp-content/uploads/2026/05/Microsoft-AI-Diffusion-Report-2026-Q1.pdf
Mexico,2025-H1,16.7,,"Microsoft AI Economy Institute, Global AI Diffusion Report 2026 Q1 (May 2026)",Microsoft,https://www.microsoft.com/en-us/research/wp-content/uploads/2026/05/Microsoft-AI-Diffusion-Report-2026-Q1.pdf
Mexico,2025-H2,17.8,,"Microsoft AI Economy Institute, Global AI Diffusion Report 2026 Q1 (May 2026)",Microsoft,https://www.microsoft.com/en-us/research/wp-content/uploads/2026/05/Microsoft-AI-Diffusion-Report-2026-Q1.pdf
Mexico,2026-Q1,20.1,55,"Microsoft AI Economy Institute, Global AI Diffusion Report 2026 Q1 (May 2026)",Microsoft,https://www.microsoft.com/en-us/research/wp-content/uploads/2026/05/Microsoft-AI-Diffusion-Report-2026-Q1.pdf
Philippines,2025-H1,17.1,,"Microsoft AI Economy Institute, Global AI Diffusion Report 2026 Q1 (May 2026)",Microsoft,https://www.microsoft.com/en-us/research/wp-content/uploads/2026/05/Microsoft-AI-Diffusion-Report-2026-Q1.pdf
Philippines,2025-H2,18.3,,"Microsoft AI Economy Institute, Global AI Diffusion Report 2026 Q1 (May 2026)",Microsoft,https://www.microsoft.com/en-us/research/wp-content/uploads/2026/05/Microsoft-AI-Diffusion-Report-2026-Q1.pdf
Philippines,2026-Q1,20.1,56,"Microsoft AI Economy Institute, Global AI Diffusion Report 2026 Q1 (May 2026)",Microsoft,https://www.microsoft.com/en-us/research/wp-content/uploads/2026/05/Microsoft-AI-Diffusion-Report-2026-Q1.pdf
Ecuador,2025-H1,17.0,,"Microsoft AI Economy Institute, Global AI Diffusion Report 2026 Q1 (May 2026)",Microsoft,https://www.microsoft.com/en-us/research/wp-content/uploads/2026/05/Microsoft-AI-Diffusion-Report-2026-Q1.pdf
Ecuador,2025-H2,17.7,,"Microsoft AI Economy Institute, Global AI Diffusion Report 2026 Q1 (May 2026)",Microsoft,https://www.microsoft.com/en-us/research/wp-content/uploads/2026/05/Microsoft-AI-Diffusion-Report-2026-Q1.pdf
Ecuador,2026-Q1,19.5,57,"Microsoft AI Economy Institute, Global AI Diffusion Report 2026 Q1 (May 2026)",Microsoft,https://www.microsoft.com/en-us/research/wp-content/uploads/2026/05/Microsoft-AI-Diffusion-Report-2026-Q1.pdf
Brazil,2025-H1,15.6,,"Microsoft AI Economy Institute, Global AI Diffusion Report 2026 Q1 (May 2026)",Microsoft,https://www.microsoft.com/en-us/research/wp-content/uploads/2026/05/Microsoft-AI-Diffusion-Report-2026-Q1.pdf
Brazil,2025-H2,17.1,,"Microsoft AI Economy Institute, Global AI Diffusion Report 2026 Q1 (May 2026)",Microsoft,https://www.microsoft.com/en-us/research/wp-content/uploads/2026/05/Microsoft-AI-Diffusion-Report-2026-Q1.pdf
Brazil,2026-Q1,19.1,58,"Microsoft AI Economy Institute, Global AI Diffusion Report 2026 Q1 (May 2026)",Microsoft,https://www.microsoft.com/en-us/research/wp-content/uploads/2026/05/Microsoft-AI-Diffusion-Report-2026-Q1.pdf
Albania,2025-H1,15.8,,"Microsoft AI Economy Institute, Global AI Diffusion Report 2026 Q1 (May 2026)",Microsoft,https://www.microsoft.com/en-us/research/wp-content/uploads/2026/05/Microsoft-AI-Diffusion-Report-2026-Q1.pdf
Albania,2025-H2,16.5,,"Microsoft AI Economy Institute, Global AI Diffusion Report 2026 Q1 (May 2026)",Microsoft,https://www.microsoft.com/en-us/research/wp-content/uploads/2026/05/Microsoft-AI-Diffusion-Report-2026-Q1.pdf
Albania,2026-Q1,18.5,59,"Microsoft AI Economy Institute, Global AI Diffusion Report 2026 Q1 (May 2026)",Microsoft,https://www.microsoft.com/en-us/research/wp-content/uploads/2026/05/Microsoft-AI-Diffusion-Report-2026-Q1.pdf
Moldova,2025-H1,16.6,,"Microsoft AI Economy Institute, Global AI Diffusion Report 2026 Q1 (May 2026)",Microsoft,https://www.microsoft.com/en-us/research/wp-content/uploads/2026/05/Microsoft-AI-Diffusion-Report-2026-Q1.pdf
Moldova,2025-H2,17.0,,"Microsoft AI Economy Institute, Global AI Diffusion Report 2026 Q1 (May 2026)",Microsoft,https://www.microsoft.com/en-us/research/wp-content/uploads/2026/05/Microsoft-AI-Diffusion-Report-2026-Q1.pdf
Moldova,2026-Q1,18.5,60,"Microsoft AI Economy Institute, Global AI Diffusion Report 2026 Q1 (May 2026)",Microsoft,https://www.microsoft.com/en-us/research/wp-content/uploads/2026/05/Microsoft-AI-Diffusion-Report-2026-Q1.pdf
El Salvador,2025-H1,14.6,,"Microsoft AI Economy Institute, Global AI Diffusion Report 2026 Q1 (May 2026)",Microsoft,https://www.microsoft.com/en-us/research/wp-content/uploads/2026/05/Microsoft-AI-Diffusion-Report-2026-Q1.pdf
El Salvador,2025-H2,16.2,,"Microsoft AI Economy Institute, Global AI Diffusion Report 2026 Q1 (May 2026)",Microsoft,https://www.microsoft.com/en-us/research/wp-content/uploads/2026/05/Microsoft-AI-Diffusion-Report-2026-Q1.pdf
El Salvador,2026-Q1,18.3,61,"Microsoft AI Economy Institute, Global AI Diffusion Report 2026 Q1 (May 2026)",Microsoft,https://www.microsoft.com/en-us/research/wp-content/uploads/2026/05/Microsoft-AI-Diffusion-Report-2026-Q1.pdf
Azerbaijan,2025-H1,14.2,,"Microsoft AI Economy Institute, Global AI Diffusion Report 2026 Q1 (May 2026)",Microsoft,https://www.microsoft.com/en-us/research/wp-content/uploads/2026/05/Microsoft-AI-Diffusion-Report-2026-Q1.pdf
Azerbaijan,2025-H2,15.5,,"Microsoft AI Economy Institute, Global AI Diffusion Report 2026 Q1 (May 2026)",Microsoft,https://www.microsoft.com/en-us/research/wp-content/uploads/2026/05/Microsoft-AI-Diffusion-Report-2026-Q1.pdf
Azerbaijan,2026-Q1,17.7,62,"Microsoft AI Economy Institute, Global AI Diffusion Report 2026 Q1 (May 2026)",Microsoft,https://www.microsoft.com/en-us/research/wp-content/uploads/2026/05/Microsoft-AI-Diffusion-Report-2026-Q1.pdf
India,2025-H1,14.2,,"Microsoft AI Economy Institute, Global AI Diffusion Report 2026 Q1 (May 2026)",Microsoft,https://www.microsoft.com/en-us/research/wp-content/uploads/2026/05/Microsoft-AI-Diffusion-Report-2026-Q1.pdf
India,2025-H2,15.7,,"Microsoft AI Economy Institute, Global AI Diffusion Report 2026 Q1 (May 2026)",Microsoft,https://www.microsoft.com/en-us/research/wp-content/uploads/2026/05/Microsoft-AI-Diffusion-Report-2026-Q1.pdf
India,2026-Q1,17.6,63,"Microsoft AI Economy Institute, Global AI Diffusion Report 2026 Q1 (May 2026)",Microsoft,https://www.microsoft.com/en-us/research/wp-content/uploads/2026/05/Microsoft-AI-Diffusion-Report-2026-Q1.pdf
Romania,2025-H1,15.3,,"Microsoft AI Economy Institute, Global AI Diffusion Report 2026 Q1 (May 2026)",Microsoft,https://www.microsoft.com/en-us/research/wp-content/uploads/2026/05/Microsoft-AI-Diffusion-Report-2026-Q1.pdf
Romania,2025-H2,16.2,,"Microsoft AI Economy Institute, Global AI Diffusion Report 2026 Q1 (May 2026)",Microsoft,https://www.microsoft.com/en-us/research/wp-content/uploads/2026/05/Microsoft-AI-Diffusion-Report-2026-Q1.pdf
Romania,2026-Q1,17.5,64,"Microsoft AI Economy Institute, Global AI Diffusion Report 2026 Q1 (May 2026)",Microsoft,https://www.microsoft.com/en-us/research/wp-content/uploads/2026/05/Microsoft-AI-Diffusion-Report-2026-Q1.pdf
Turkey,2025-H1,13.4,,"Microsoft AI Economy Institute, Global AI Diffusion Report 2026 Q1 (May 2026)",Microsoft,https://www.microsoft.com/en-us/research/wp-content/uploads/2026/05/Microsoft-AI-Diffusion-Report-2026-Q1.pdf
Turkey,2025-H2,14.6,,"Microsoft AI Economy Institute, Global AI Diffusion Report 2026 Q1 (May 2026)",Microsoft,https://www.microsoft.com/en-us/research/wp-content/uploads/2026/05/Microsoft-AI-Diffusion-Report-2026-Q1.pdf
Turkey,2026-Q1,17.4,65,"Microsoft AI Economy Institute, Global AI Diffusion Report 2026 Q1 (May 2026)",Microsoft,https://www.microsoft.com/en-us/research/wp-content/uploads/2026/05/Microsoft-AI-Diffusion-Report-2026-Q1.pdf
Mongolia,2025-H1,12.6,,"Microsoft AI Economy Institute, Global AI Diffusion Report 2026 Q1 (May 2026)",Microsoft,https://www.microsoft.com/en-us/research/wp-content/uploads/2026/05/Microsoft-AI-Diffusion-Report-2026-Q1.pdf
Mongolia,2025-H2,14.3,,"Microsoft AI Economy Institute, Global AI Diffusion Report 2026 Q1 (May 2026)",Microsoft,https://www.microsoft.com/en-us/research/wp-content/uploads/2026/05/Microsoft-AI-Diffusion-Report-2026-Q1.pdf
Mongolia,2026-Q1,16.7,66,"Microsoft AI Economy Institute, Global AI Diffusion Report 2026 Q1 (May 2026)",Microsoft,https://www.microsoft.com/en-us/research/wp-content/uploads/2026/05/Microsoft-AI-Diffusion-Report-2026-Q1.pdf
Guatemala,2025-H1,13.7,,"Microsoft AI Economy Institute, Global AI Diffusion Report 2026 Q1 (May 2026)",Microsoft,https://www.microsoft.com/en-us/research/wp-content/uploads/2026/05/Microsoft-AI-Diffusion-Report-2026-Q1.pdf
Guatemala,2025-H2,14.8,,"Microsoft AI Economy Institute, Global AI Diffusion Report 2026 Q1 (May 2026)",Microsoft,https://www.microsoft.com/en-us/research/wp-content/uploads/2026/05/Microsoft-AI-Diffusion-Report-2026-Q1.pdf
Guatemala,2026-Q1,16.4,67,"Microsoft AI Economy Institute, Global AI Diffusion Report 2026 Q1 (May 2026)",Microsoft,https://www.microsoft.com/en-us/research/wp-content/uploads/2026/05/Microsoft-AI-Diffusion-Report-2026-Q1.pdf
Peru,2025-H1,13.4,,"Microsoft AI Economy Institute, Global AI Diffusion Report 2026 Q1 (May 2026)",Microsoft,https://www.microsoft.com/en-us/research/wp-content/uploads/2026/05/Microsoft-AI-Diffusion-Report-2026-Q1.pdf
Peru,2025-H2,14.7,,"Microsoft AI Economy Institute, Global AI Diffusion Report 2026 Q1 (May 2026)",Microsoft,https://www.microsoft.com/en-us/research/wp-content/uploads/2026/05/Microsoft-AI-Diffusion-Report-2026-Q1.pdf
Peru,2026-Q1,16.4,68,"Microsoft AI Economy Institute, Global AI Diffusion Report 2026 Q1 (May 2026)",Microsoft,https://www.microsoft.com/en-us/research/wp-content/uploads/2026/05/Microsoft-AI-Diffusion-Report-2026-Q1.pdf
China,2025-H1,15.4,,"Microsoft AI Economy Institute, Global AI Diffusion Report 2026 Q1 (May 2026)",Microsoft,https://www.microsoft.com/en-us/research/wp-content/uploads/2026/05/Microsoft-AI-Diffusion-Report-2026-Q1.pdf
China,2025-H2,16.3,,"Microsoft AI Economy Institute, Global AI Diffusion Report 2026 Q1 (May 2026)",Microsoft,https://www.microsoft.com/en-us/research/wp-content/uploads/2026/05/Microsoft-AI-Diffusion-Report-2026-Q1.pdf
China,2026-Q1,16.4,69,"Microsoft AI Economy Institute, Global AI Diffusion Report 2026 Q1 (May 2026)",Microsoft,https://www.microsoft.com/en-us/research/wp-content/uploads/2026/05/Microsoft-AI-Diffusion-Report-2026-Q1.pdf
Kazakhstan,2025-H1,12.7,,"Microsoft AI Economy Institute, Global AI Diffusion Report 2026 Q1 (May 2026)",Microsoft,https://www.microsoft.com/en-us/research/wp-content/uploads/2026/05/Microsoft-AI-Diffusion-Report-2026-Q1.pdf
Kazakhstan,2025-H2,13.7,,"Microsoft AI Economy Institute, Global AI Diffusion Report 2026 Q1 (May 2026)",Microsoft,https://www.microsoft.com/en-us/research/wp-content/uploads/2026/05/Microsoft-AI-Diffusion-Report-2026-Q1.pdf
Kazakhstan,2026-Q1,15.9,70,"Microsoft AI Economy Institute, Global AI Diffusion Report 2026 Q1 (May 2026)",Microsoft,https://www.microsoft.com/en-us/research/wp-content/uploads/2026/05/Microsoft-AI-Diffusion-Report-2026-Q1.pdf
Namibia,2025-H1,13.0,,"Microsoft AI Economy Institute, Global AI Diffusion Report 2026 Q1 (May 2026)",Microsoft,https://www.microsoft.com/en-us/research/wp-content/uploads/2026/05/Microsoft-AI-Diffusion-Report-2026-Q1.pdf
Namibia,2025-H2,13.8,,"Microsoft AI Economy Institute, Global AI Diffusion Report 2026 Q1 (May 2026)",Microsoft,https://www.microsoft.com/en-us/research/wp-content/uploads/2026/05/Microsoft-AI-Diffusion-Report-2026-Q1.pdf
Namibia,2026-Q1,15.1,71,"Microsoft AI Economy Institute, Global AI Diffusion Report 2026 Q1 (May 2026)",Microsoft,https://www.microsoft.com/en-us/research/wp-content/uploads/2026/05/Microsoft-AI-Diffusion-Report-2026-Q1.pdf
Gabon,2025-H1,12.3,,"Microsoft AI Economy Institute, Global AI Diffusion Report 2026 Q1 (May 2026)",Microsoft,https://www.microsoft.com/en-us/research/wp-content/uploads/2026/05/Microsoft-AI-Diffusion-Report-2026-Q1.pdf
Gabon,2025-H2,13.4,,"Microsoft AI Economy Institute, Global AI Diffusion Report 2026 Q1 (May 2026)",Microsoft,https://www.microsoft.com/en-us/research/wp-content/uploads/2026/05/Microsoft-AI-Diffusion-Report-2026-Q1.pdf
Gabon,2026-Q1,15.0,72,"Microsoft AI Economy Institute, Global AI Diffusion Report 2026 Q1 (May 2026)",Microsoft,https://www.microsoft.com/en-us/research/wp-content/uploads/2026/05/Microsoft-AI-Diffusion-Report-2026-Q1.pdf
Libya,2025-H1,12.7,,"Microsoft AI Economy Institute, Global AI Diffusion Report 2026 Q1 (May 2026)",Microsoft,https://www.microsoft.com/en-us/research/wp-content/uploads/2026/05/Microsoft-AI-Diffusion-Report-2026-Q1.pdf
Libya,2025-H2,13.7,,"Microsoft AI Economy Institute, Global AI Diffusion Report 2026 Q1 (May 2026)",Microsoft,https://www.microsoft.com/en-us/research/wp-content/uploads/2026/05/Microsoft-AI-Diffusion-Report-2026-Q1.pdf
Libya,2026-Q1,15.0,73,"Microsoft AI Economy Institute, Global AI Diffusion Report 2026 Q1 (May 2026)",Microsoft,https://www.microsoft.com/en-us/research/wp-content/uploads/2026/05/Microsoft-AI-Diffusion-Report-2026-Q1.pdf
Egypt,2025-H1,12.5,,"Microsoft AI Economy Institute, Global AI Diffusion Report 2026 Q1 (May 2026)",Microsoft,https://www.microsoft.com/en-us/research/wp-content/uploads/2026/05/Microsoft-AI-Diffusion-Report-2026-Q1.pdf
Egypt,2025-H2,13.4,,"Microsoft AI Economy Institute, Global AI Diffusion Report 2026 Q1 (May 2026)",Microsoft,https://www.microsoft.com/en-us/research/wp-content/uploads/2026/05/Microsoft-AI-Diffusion-Report-2026-Q1.pdf
Egypt,2026-Q1,14.8,74,"Microsoft AI Economy Institute, Global AI Diffusion Report 2026 Q1 (May 2026)",Microsoft,https://www.microsoft.com/en-us/research/wp-content/uploads/2026/05/Microsoft-AI-Diffusion-Report-2026-Q1.pdf
Botswana,2025-H1,12.8,,"Microsoft AI Economy Institute, Global AI Diffusion Report 2026 Q1 (May 2026)",Microsoft,https://www.microsoft.com/en-us/research/wp-content/uploads/2026/05/Microsoft-AI-Diffusion-Report-2026-Q1.pdf
Botswana,2025-H2,13.7,,"Microsoft AI Economy Institute, Global AI Diffusion Report 2026 Q1 (May 2026)",Microsoft,https://www.microsoft.com/en-us/research/wp-content/uploads/2026/05/Microsoft-AI-Diffusion-Report-2026-Q1.pdf
Botswana,2026-Q1,14.8,75,"Microsoft AI Economy Institute, Global AI Diffusion Report 2026 Q1 (May 2026)",Microsoft,https://www.microsoft.com/en-us/research/wp-content/uploads/2026/05/Microsoft-AI-Diffusion-Report-2026-Q1.pdf
Nepal,2025-H1,12.3,,"Microsoft AI Economy Institute, Global AI Diffusion Report 2026 Q1 (May 2026)",Microsoft,https://www.microsoft.com/en-us/research/wp-content/uploads/2026/05/Microsoft-AI-Diffusion-Report-2026-Q1.pdf
Nepal,2025-H2,13.0,,"Microsoft AI Economy Institute, Global AI Diffusion Report 2026 Q1 (May 2026)",Microsoft,https://www.microsoft.com/en-us/research/wp-content/uploads/2026/05/Microsoft-AI-Diffusion-Report-2026-Q1.pdf
Nepal,2026-Q1,14.2,76,"Microsoft AI Economy Institute, Global AI Diffusion Report 2026 Q1 (May 2026)",Microsoft,https://www.microsoft.com/en-us/research/wp-content/uploads/2026/05/Microsoft-AI-Diffusion-Report-2026-Q1.pdf
Indonesia,2025-H1,11.7,,"Microsoft AI Economy Institute, Global AI Diffusion Report 2026 Q1 (May 2026)",Microsoft,https://www.microsoft.com/en-us/research/wp-content/uploads/2026/05/Microsoft-AI-Diffusion-Report-2026-Q1.pdf
Indonesia,2025-H2,12.7,,"Microsoft AI Economy Institute, Global AI Diffusion Report 2026 Q1 (May 2026)",Microsoft,https://www.microsoft.com/en-us/research/wp-content/uploads/2026/05/Microsoft-AI-Diffusion-Report-2026-Q1.pdf
Indonesia,2026-Q1,14.1,77,"Microsoft AI Economy Institute, Global AI Diffusion Report 2026 Q1 (May 2026)",Microsoft,https://www.microsoft.com/en-us/research/wp-content/uploads/2026/05/Microsoft-AI-Diffusion-Report-2026-Q1.pdf
Honduras,2025-H1,12.4,,"Microsoft AI Economy Institute, Global AI Diffusion Report 2026 Q1 (May 2026)",Microsoft,https://www.microsoft.com/en-us/research/wp-content/uploads/2026/05/Microsoft-AI-Diffusion-Report-2026-Q1.pdf
Honduras,2025-H2,13.1,,"Microsoft AI Economy Institute, Global AI Diffusion Report 2026 Q1 (May 2026)",Microsoft,https://www.microsoft.com/en-us/research/wp-content/uploads/2026/05/Microsoft-AI-Diffusion-Report-2026-Q1.pdf
Honduras,2026-Q1,14.0,78,"Microsoft AI Economy Institute, Global AI Diffusion Report 2026 Q1 (May 2026)",Microsoft,https://www.microsoft.com/en-us/research/wp-content/uploads/2026/05/Microsoft-AI-Diffusion-Report-2026-Q1.pdf
Senegal,2025-H1,12.4,,"Microsoft AI Economy Institute, Global AI Diffusion Report 2026 Q1 (May 2026)",Microsoft,https://www.microsoft.com/en-us/research/wp-content/uploads/2026/05/Microsoft-AI-Diffusion-Report-2026-Q1.pdf
Senegal,2025-H2,12.9,,"Microsoft AI Economy Institute, Global AI Diffusion Report 2026 Q1 (May 2026)",Microsoft,https://www.microsoft.com/en-us/research/wp-content/uploads/2026/05/Microsoft-AI-Diffusion-Report-2026-Q1.pdf
Senegal,2026-Q1,13.9,79,"Microsoft AI Economy Institute, Global AI Diffusion Report 2026 Q1 (May 2026)",Microsoft,https://www.microsoft.com/en-us/research/wp-content/uploads/2026/05/Microsoft-AI-Diffusion-Report-2026-Q1.pdf
Tunisia,2025-H1,12.3,,"Microsoft AI Economy Institute, Global AI Diffusion Report 2026 Q1 (May 2026)",Microsoft,https://www.microsoft.com/en-us/research/wp-content/uploads/2026/05/Microsoft-AI-Diffusion-Report-2026-Q1.pdf
Tunisia,2025-H2,12.7,,"Microsoft AI Economy Institute, Global AI Diffusion Report 2026 Q1 (May 2026)",Microsoft,https://www.microsoft.com/en-us/research/wp-content/uploads/2026/05/Microsoft-AI-Diffusion-Report-2026-Q1.pdf
Tunisia,2026-Q1,13.5,80,"Microsoft AI Economy Institute, Global AI Diffusion Report 2026 Q1 (May 2026)",Microsoft,https://www.microsoft.com/en-us/research/wp-content/uploads/2026/05/Microsoft-AI-Diffusion-Report-2026-Q1.pdf
Algeria,2025-H1,11.3,,"Microsoft AI Economy Institute, Global AI Diffusion Report 2026 Q1 (May 2026)",Microsoft,https://www.microsoft.com/en-us/research/wp-content/uploads/2026/05/Microsoft-AI-Diffusion-Report-2026-Q1.pdf
Algeria,2025-H2,12.0,,"Microsoft AI Economy Institute, Global AI Diffusion Report 2026 Q1 (May 2026)",Microsoft,https://www.microsoft.com/en-us/research/wp-content/uploads/2026/05/Microsoft-AI-Diffusion-Report-2026-Q1.pdf
Algeria,2026-Q1,13.2,81,"Microsoft AI Economy Institute, Global AI Diffusion Report 2026 Q1 (May 2026)",Microsoft,https://www.microsoft.com/en-us/research/wp-content/uploads/2026/05/Microsoft-AI-Diffusion-Report-2026-Q1.pdf
Zambia,2025-H1,11.7,,"Microsoft AI Economy Institute, Global AI Diffusion Report 2026 Q1 (May 2026)",Microsoft,https://www.microsoft.com/en-us/research/wp-content/uploads/2026/05/Microsoft-AI-Diffusion-Report-2026-Q1.pdf
Zambia,2025-H2,12.3,,"Microsoft AI Economy Institute, Global AI Diffusion Report 2026 Q1 (May 2026)",Microsoft,https://www.microsoft.com/en-us/research/wp-content/uploads/2026/05/Microsoft-AI-Diffusion-Report-2026-Q1.pdf
Zambia,2026-Q1,13.1,82,"Microsoft AI Economy Institute, Global AI Diffusion Report 2026 Q1 (May 2026)",Microsoft,https://www.microsoft.com/en-us/research/wp-content/uploads/2026/05/Microsoft-AI-Diffusion-Report-2026-Q1.pdf
Cote d'Ivoire,2025-H1,10.8,,"Microsoft AI Economy Institute, Global AI Diffusion Report 2026 Q1 (May 2026)",Microsoft,https://www.microsoft.com/en-us/research/wp-content/uploads/2026/05/Microsoft-AI-Diffusion-Report-2026-Q1.pdf
Cote d'Ivoire,2025-H2,11.7,,"Microsoft AI Economy Institute, Global AI Diffusion Report 2026 Q1 (May 2026)",Microsoft,https://www.microsoft.com/en-us/research/wp-content/uploads/2026/05/Microsoft-AI-Diffusion-Report-2026-Q1.pdf
Cote d'Ivoire,2026-Q1,13.1,83,"Microsoft AI Economy Institute, Global AI Diffusion Report 2026 Q1 (May 2026)",Microsoft,https://www.microsoft.com/en-us/research/wp-content/uploads/2026/05/Microsoft-AI-Diffusion-Report-2026-Q1.pdf
Bolivia,2025-H1,10.9,,"Microsoft AI Economy Institute, Global AI Diffusion Report 2026 Q1 (May 2026)",Microsoft,https://www.microsoft.com/en-us/research/wp-content/uploads/2026/05/Microsoft-AI-Diffusion-Report-2026-Q1.pdf
Bolivia,2025-H2,11.6,,"Microsoft AI Economy Institute, Global AI Diffusion Report 2026 Q1 (May 2026)",Microsoft,https://www.microsoft.com/en-us/research/wp-content/uploads/2026/05/Microsoft-AI-Diffusion-Report-2026-Q1.pdf
Bolivia,2026-Q1,12.7,84,"Microsoft AI Economy Institute, Global AI Diffusion Report 2026 Q1 (May 2026)",Microsoft,https://www.microsoft.com/en-us/research/wp-content/uploads/2026/05/Microsoft-AI-Diffusion-Report-2026-Q1.pdf
Iran,2025-H1,9.6,,"Microsoft AI Economy Institute, Global AI Diffusion Report 2026 Q1 (May 2026)",Microsoft,https://www.microsoft.com/en-us/research/wp-content/uploads/2026/05/Microsoft-AI-Diffusion-Report-2026-Q1.pdf
Iran,2025-H2,10.7,,"Microsoft AI Economy Institute, Global AI Diffusion Report 2026 Q1 (May 2026)",Microsoft,https://www.microsoft.com/en-us/research/wp-content/uploads/2026/05/Microsoft-AI-Diffusion-Report-2026-Q1.pdf
Iran,2026-Q1,12.6,85,"Microsoft AI Economy Institute, Global AI Diffusion Report 2026 Q1 (May 2026)",Microsoft,https://www.microsoft.com/en-us/research/wp-content/uploads/2026/05/Microsoft-AI-Diffusion-Report-2026-Q1.pdf
Iraq,2025-H1,10.3,,"Microsoft AI Economy Institute, Global AI Diffusion Report 2026 Q1 (May 2026)",Microsoft,https://www.microsoft.com/en-us/research/wp-content/uploads/2026/05/Microsoft-AI-Diffusion-Report-2026-Q1.pdf
Iraq,2025-H2,11.2,,"Microsoft AI Economy Institute, Global AI Diffusion Report 2026 Q1 (May 2026)",Microsoft,https://www.microsoft.com/en-us/research/wp-content/uploads/2026/05/Microsoft-AI-Diffusion-Report-2026-Q1.pdf
Iraq,2026-Q1,12.5,86,"Microsoft AI Economy Institute, Global AI Diffusion Report 2026 Q1 (May 2026)",Microsoft,https://www.microsoft.com/en-us/research/wp-content/uploads/2026/05/Microsoft-AI-Diffusion-Report-2026-Q1.pdf
Thailand,2025-H1,9.1,,"Microsoft AI Economy Institute, Global AI Diffusion Report 2026 Q1 (May 2026)",Microsoft,https://www.microsoft.com/en-us/research/wp-content/uploads/2026/05/Microsoft-AI-Diffusion-Report-2026-Q1.pdf
Thailand,2025-H2,10.7,,"Microsoft AI Economy Institute, Global AI Diffusion Report 2026 Q1 (May 2026)",Microsoft,https://www.microsoft.com/en-us/research/wp-content/uploads/2026/05/Microsoft-AI-Diffusion-Report-2026-Q1.pdf
Thailand,2026-Q1,12.4,87,"Microsoft AI Economy Institute, Global AI Diffusion Report 2026 Q1 (May 2026)",Microsoft,https://www.microsoft.com/en-us/research/wp-content/uploads/2026/05/Microsoft-AI-Diffusion-Report-2026-Q1.pdf
Paraguay,2025-H1,10.1,,"Microsoft AI Economy Institute, Global AI Diffusion Report 2026 Q1 (May 2026)",Microsoft,https://www.microsoft.com/en-us/research/wp-content/uploads/2026/05/Microsoft-AI-Diffusion-Report-2026-Q1.pdf
Paraguay,2025-H2,11.0,,"Microsoft AI Economy Institute, Global AI Diffusion Report 2026 Q1 (May 2026)",Microsoft,https://www.microsoft.com/en-us/research/wp-content/uploads/2026/05/Microsoft-AI-Diffusion-Report-2026-Q1.pdf
Paraguay,2026-Q1,12.2,88,"Microsoft AI Economy Institute, Global AI Diffusion Report 2026 Q1 (May 2026)",Microsoft,https://www.microsoft.com/en-us/research/wp-content/uploads/2026/05/Microsoft-AI-Diffusion-Report-2026-Q1.pdf
Nicaragua,2025-H1,10.0,,"Microsoft AI Economy Institute, Global AI Diffusion Report 2026 Q1 (May 2026)",Microsoft,https://www.microsoft.com/en-us/research/wp-content/uploads/2026/05/Microsoft-AI-Diffusion-Report-2026-Q1.pdf
Nicaragua,2025-H2,10.7,,"Microsoft AI Economy Institute, Global AI Diffusion Report 2026 Q1 (May 2026)",Microsoft,https://www.microsoft.com/en-us/research/wp-content/uploads/2026/05/Microsoft-AI-Diffusion-Report-2026-Q1.pdf
Nicaragua,2026-Q1,11.8,89,"Microsoft AI Economy Institute, Global AI Diffusion Report 2026 Q1 (May 2026)",Microsoft,https://www.microsoft.com/en-us/research/wp-content/uploads/2026/05/Microsoft-AI-Diffusion-Report-2026-Q1.pdf
Morocco,2025-H1,10.5,,"Microsoft AI Economy Institute, Global AI Diffusion Report 2026 Q1 (May 2026)",Microsoft,https://www.microsoft.com/en-us/research/wp-content/uploads/2026/05/Microsoft-AI-Diffusion-Report-2026-Q1.pdf
Morocco,2025-H2,10.9,,"Microsoft AI Economy Institute, Global AI Diffusion Report 2026 Q1 (May 2026)",Microsoft,https://www.microsoft.com/en-us/research/wp-content/uploads/2026/05/Microsoft-AI-Diffusion-Report-2026-Q1.pdf
Morocco,2026-Q1,11.7,90,"Microsoft AI Economy Institute, Global AI Diffusion Report 2026 Q1 (May 2026)",Microsoft,https://www.microsoft.com/en-us/research/wp-content/uploads/2026/05/Microsoft-AI-Diffusion-Report-2026-Q1.pdf
Gambia,2025-H1,10.6,,"Microsoft AI Economy Institute, Global AI Diffusion Report 2026 Q1 (May 2026)",Microsoft,https://www.microsoft.com/en-us/research/wp-content/uploads/2026/05/Microsoft-AI-Diffusion-Report-2026-Q1.pdf
Gambia,2025-H2,10.9,,"Microsoft AI Economy Institute, Global AI Diffusion Report 2026 Q1 (May 2026)",Microsoft,https://www.microsoft.com/en-us/research/wp-content/uploads/2026/05/Microsoft-AI-Diffusion-Report-2026-Q1.pdf
Gambia,2026-Q1,11.4,91,"Microsoft AI Economy Institute, Global AI Diffusion Report 2026 Q1 (May 2026)",Microsoft,https://www.microsoft.com/en-us/research/wp-content/uploads/2026/05/Microsoft-AI-Diffusion-Report-2026-Q1.pdf
Pakistan,2025-H1,9.7,,"Microsoft AI Economy Institute, Global AI Diffusion Report 2026 Q1 (May 2026)",Microsoft,https://www.microsoft.com/en-us/research/wp-content/uploads/2026/05/Microsoft-AI-Diffusion-Report-2026-Q1.pdf
Pakistan,2025-H2,10.3,,"Microsoft AI Economy Institute, Global AI Diffusion Report 2026 Q1 (May 2026)",Microsoft,https://www.microsoft.com/en-us/research/wp-content/uploads/2026/05/Microsoft-AI-Diffusion-Report-2026-Q1.pdf
Pakistan,2026-Q1,11.4,92,"Microsoft AI Economy Institute, Global AI Diffusion Report 2026 Q1 (May 2026)",Microsoft,https://www.microsoft.com/en-us/research/wp-content/uploads/2026/05/Microsoft-AI-Diffusion-Report-2026-Q1.pdf
Angola,2025-H1,8.9,,"Microsoft AI Economy Institute, Global AI Diffusion Report 2026 Q1 (May 2026)",Microsoft,https://www.microsoft.com/en-us/research/wp-content/uploads/2026/05/Microsoft-AI-Diffusion-Report-2026-Q1.pdf
Angola,2025-H2,9.7,,"Microsoft AI Economy Institute, Global AI Diffusion Report 2026 Q1 (May 2026)",Microsoft,https://www.microsoft.com/en-us/research/wp-content/uploads/2026/05/Microsoft-AI-Diffusion-Report-2026-Q1.pdf
Angola,2026-Q1,10.9,93,"Microsoft AI Economy Institute, Global AI Diffusion Report 2026 Q1 (May 2026)",Microsoft,https://www.microsoft.com/en-us/research/wp-content/uploads/2026/05/Microsoft-AI-Diffusion-Report-2026-Q1.pdf
Madagascar,2025-H1,8.9,,"Microsoft AI Economy Institute, Global AI Diffusion Report 2026 Q1 (May 2026)",Microsoft,https://www.microsoft.com/en-us/research/wp-content/uploads/2026/05/Microsoft-AI-Diffusion-Report-2026-Q1.pdf
Madagascar,2025-H2,9.7,,"Microsoft AI Economy Institute, Global AI Diffusion Report 2026 Q1 (May 2026)",Microsoft,https://www.microsoft.com/en-us/research/wp-content/uploads/2026/05/Microsoft-AI-Diffusion-Report-2026-Q1.pdf
Madagascar,2026-Q1,10.9,94,"Microsoft AI Economy Institute, Global AI Diffusion Report 2026 Q1 (May 2026)",Microsoft,https://www.microsoft.com/en-us/research/wp-content/uploads/2026/05/Microsoft-AI-Diffusion-Report-2026-Q1.pdf
Malawi,2025-H1,8.9,,"Microsoft AI Economy Institute, Global AI Diffusion Report 2026 Q1 (May 2026)",Microsoft,https://www.microsoft.com/en-us/research/wp-content/uploads/2026/05/Microsoft-AI-Diffusion-Report-2026-Q1.pdf
Malawi,2025-H2,9.7,,"Microsoft AI Economy Institute, Global AI Diffusion Report 2026 Q1 (May 2026)",Microsoft,https://www.microsoft.com/en-us/research/wp-content/uploads/2026/05/Microsoft-AI-Diffusion-Report-2026-Q1.pdf
Malawi,2026-Q1,10.9,95,"Microsoft AI Economy Institute, Global AI Diffusion Report 2026 Q1 (May 2026)",Microsoft,https://www.microsoft.com/en-us/research/wp-content/uploads/2026/05/Microsoft-AI-Diffusion-Report-2026-Q1.pdf
Mozambique,2025-H1,8.9,,"Microsoft AI Economy Institute, Global AI Diffusion Report 2026 Q1 (May 2026)",Microsoft,https://www.microsoft.com/en-us/research/wp-content/uploads/2026/05/Microsoft-AI-Diffusion-Report-2026-Q1.pdf
Mozambique,2025-H2,9.7,,"Microsoft AI Economy Institute, Global AI Diffusion Report 2026 Q1 (May 2026)",Microsoft,https://www.microsoft.com/en-us/research/wp-content/uploads/2026/05/Microsoft-AI-Diffusion-Report-2026-Q1.pdf
Mozambique,2026-Q1,10.9,96,"Microsoft AI Economy Institute, Global AI Diffusion Report 2026 Q1 (May 2026)",Microsoft,https://www.microsoft.com/en-us/research/wp-content/uploads/2026/05/Microsoft-AI-Diffusion-Report-2026-Q1.pdf
French Guiana,2025-H1,8.3,,"Microsoft AI Economy Institute, Global AI Diffusion Report 2026 Q1 (May 2026)",Microsoft,https://www.microsoft.com/en-us/research/wp-content/uploads/2026/05/Microsoft-AI-Diffusion-Report-2026-Q1.pdf
French Guiana,2025-H2,9.0,,"Microsoft AI Economy Institute, Global AI Diffusion Report 2026 Q1 (May 2026)",Microsoft,https://www.microsoft.com/en-us/research/wp-content/uploads/2026/05/Microsoft-AI-Diffusion-Report-2026-Q1.pdf
French Guiana,2026-Q1,10.3,97,"Microsoft AI Economy Institute, Global AI Diffusion Report 2026 Q1 (May 2026)",Microsoft,https://www.microsoft.com/en-us/research/wp-content/uploads/2026/05/Microsoft-AI-Diffusion-Report-2026-Q1.pdf
Guyana,2025-H1,8.3,,"Microsoft AI Economy Institute, Global AI Diffusion Report 2026 Q1 (May 2026)",Microsoft,https://www.microsoft.com/en-us/research/wp-content/uploads/2026/05/Microsoft-AI-Diffusion-Report-2026-Q1.pdf
Guyana,2025-H2,9.0,,"Microsoft AI Economy Institute, Global AI Diffusion Report 2026 Q1 (May 2026)",Microsoft,https://www.microsoft.com/en-us/research/wp-content/uploads/2026/05/Microsoft-AI-Diffusion-Report-2026-Q1.pdf
Guyana,2026-Q1,10.3,98,"Microsoft AI Economy Institute, Global AI Diffusion Report 2026 Q1 (May 2026)",Microsoft,https://www.microsoft.com/en-us/research/wp-content/uploads/2026/05/Microsoft-AI-Diffusion-Report-2026-Q1.pdf
Suriname,2025-H1,8.3,,"Microsoft AI Economy Institute, Global AI Diffusion Report 2026 Q1 (May 2026)",Microsoft,https://www.microsoft.com/en-us/research/wp-content/uploads/2026/05/Microsoft-AI-Diffusion-Report-2026-Q1.pdf
Suriname,2025-H2,9.0,,"Microsoft AI Economy Institute, Global AI Diffusion Report 2026 Q1 (May 2026)",Microsoft,https://www.microsoft.com/en-us/research/wp-content/uploads/2026/05/Microsoft-AI-Diffusion-Report-2026-Q1.pdf
Suriname,2026-Q1,10.3,99,"Microsoft AI Economy Institute, Global AI Diffusion Report 2026 Q1 (May 2026)",Microsoft,https://www.microsoft.com/en-us/research/wp-content/uploads/2026/05/Microsoft-AI-Diffusion-Report-2026-Q1.pdf
Venezuela,2025-H1,8.3,,"Microsoft AI Economy Institute, Global AI Diffusion Report 2026 Q1 (May 2026)",Microsoft,https://www.microsoft.com/en-us/research/wp-content/uploads/2026/05/Microsoft-AI-Diffusion-Report-2026-Q1.pdf
Venezuela,2025-H2,9.0,,"Microsoft AI Economy Institute, Global AI Diffusion Report 2026 Q1 (May 2026)",Microsoft,https://www.microsoft.com/en-us/research/wp-content/uploads/2026/05/Microsoft-AI-Diffusion-Report-2026-Q1.pdf
Venezuela,2026-Q1,10.3,100,"Microsoft AI Economy Institute, Global AI Diffusion Report 2026 Q1 (May 2026)",Microsoft,https://www.microsoft.com/en-us/research/wp-content/uploads/2026/05/Microsoft-AI-Diffusion-Report-2026-Q1.pdf
Benin,2025-H1,8.7,,"Microsoft AI Economy Institute, Global AI Diffusion Report 2026 Q1 (May 2026)",Microsoft,https://www.microsoft.com/en-us/research/wp-content/uploads/2026/05/Microsoft-AI-Diffusion-Report-2026-Q1.pdf
Benin,2025-H2,9.3,,"Microsoft AI Economy Institute, Global AI Diffusion Report 2026 Q1 (May 2026)",Microsoft,https://www.microsoft.com/en-us/research/wp-content/uploads/2026/05/Microsoft-AI-Diffusion-Report-2026-Q1.pdf
Benin,2026-Q1,10.1,101,"Microsoft AI Economy Institute, Global AI Diffusion Report 2026 Q1 (May 2026)",Microsoft,https://www.microsoft.com/en-us/research/wp-content/uploads/2026/05/Microsoft-AI-Diffusion-Report-2026-Q1.pdf
Burkina Faso,2025-H1,8.7,,"Microsoft AI Economy Institute, Global AI Diffusion Report 2026 Q1 (May 2026)",Microsoft,https://www.microsoft.com/en-us/research/wp-content/uploads/2026/05/Microsoft-AI-Diffusion-Report-2026-Q1.pdf
Burkina Faso,2025-H2,9.3,,"Microsoft AI Economy Institute, Global AI Diffusion Report 2026 Q1 (May 2026)",Microsoft,https://www.microsoft.com/en-us/research/wp-content/uploads/2026/05/Microsoft-AI-Diffusion-Report-2026-Q1.pdf
Burkina Faso,2026-Q1,10.1,102,"Microsoft AI Economy Institute, Global AI Diffusion Report 2026 Q1 (May 2026)",Microsoft,https://www.microsoft.com/en-us/research/wp-content/uploads/2026/05/Microsoft-AI-Diffusion-Report-2026-Q1.pdf
Ghana,2025-H1,8.7,,"Microsoft AI Economy Institute, Global AI Diffusion Report 2026 Q1 (May 2026)",Microsoft,https://www.microsoft.com/en-us/research/wp-content/uploads/2026/05/Microsoft-AI-Diffusion-Report-2026-Q1.pdf
Ghana,2025-H2,9.3,,"Microsoft AI Economy Institute, Global AI Diffusion Report 2026 Q1 (May 2026)",Microsoft,https://www.microsoft.com/en-us/research/wp-content/uploads/2026/05/Microsoft-AI-Diffusion-Report-2026-Q1.pdf
Ghana,2026-Q1,10.1,103,"Microsoft AI Economy Institute, Global AI Diffusion Report 2026 Q1 (May 2026)",Microsoft,https://www.microsoft.com/en-us/research/wp-content/uploads/2026/05/Microsoft-AI-Diffusion-Report-2026-Q1.pdf
Guinea,2025-H1,8.7,,"Microsoft AI Economy Institute, Global AI Diffusion Report 2026 Q1 (May 2026)",Microsoft,https://www.microsoft.com/en-us/research/wp-content/uploads/2026/05/Microsoft-AI-Diffusion-Report-2026-Q1.pdf
Guinea,2025-H2,9.3,,"Microsoft AI Economy Institute, Global AI Diffusion Report 2026 Q1 (May 2026)",Microsoft,https://www.microsoft.com/en-us/research/wp-content/uploads/2026/05/Microsoft-AI-Diffusion-Report-2026-Q1.pdf
Guinea,2026-Q1,10.1,104,"Microsoft AI Economy Institute, Global AI Diffusion Report 2026 Q1 (May 2026)",Microsoft,https://www.microsoft.com/en-us/research/wp-content/uploads/2026/05/Microsoft-AI-Diffusion-Report-2026-Q1.pdf
Guinea-Bissau,2025-H1,8.7,,"Microsoft AI Economy Institute, Global AI Diffusion Report 2026 Q1 (May 2026)",Microsoft,https://www.microsoft.com/en-us/research/wp-content/uploads/2026/05/Microsoft-AI-Diffusion-Report-2026-Q1.pdf
Guinea-Bissau,2025-H2,9.3,,"Microsoft AI Economy Institute, Global AI Diffusion Report 2026 Q1 (May 2026)",Microsoft,https://www.microsoft.com/en-us/research/wp-content/uploads/2026/05/Microsoft-AI-Diffusion-Report-2026-Q1.pdf
Guinea-Bissau,2026-Q1,10.1,105,"Microsoft AI Economy Institute, Global AI Diffusion Report 2026 Q1 (May 2026)",Microsoft,https://www.microsoft.com/en-us/research/wp-content/uploads/2026/05/Microsoft-AI-Diffusion-Report-2026-Q1.pdf
Liberia,2025-H1,8.7,,"Microsoft AI Economy Institute, Global AI Diffusion Report 2026 Q1 (May 2026)",Microsoft,https://www.microsoft.com/en-us/research/wp-content/uploads/2026/05/Microsoft-AI-Diffusion-Report-2026-Q1.pdf
Liberia,2025-H2,9.3,,"Microsoft AI Economy Institute, Global AI Diffusion Report 2026 Q1 (May 2026)",Microsoft,https://www.microsoft.com/en-us/research/wp-content/uploads/2026/05/Microsoft-AI-Diffusion-Report-2026-Q1.pdf
Liberia,2026-Q1,10.1,106,"Microsoft AI Economy Institute, Global AI Diffusion Report 2026 Q1 (May 2026)",Microsoft,https://www.microsoft.com/en-us/research/wp-content/uploads/2026/05/Microsoft-AI-Diffusion-Report-2026-Q1.pdf
Mali,2025-H1,8.7,,"Microsoft AI Economy Institute, Global AI Diffusion Report 2026 Q1 (May 2026)",Microsoft,https://www.microsoft.com/en-us/research/wp-content/uploads/2026/05/Microsoft-AI-Diffusion-Report-2026-Q1.pdf
Mali,2025-H2,9.3,,"Microsoft AI Economy Institute, Global AI Diffusion Report 2026 Q1 (May 2026)",Microsoft,https://www.microsoft.com/en-us/research/wp-content/uploads/2026/05/Microsoft-AI-Diffusion-Report-2026-Q1.pdf
Mali,2026-Q1,10.1,107,"Microsoft AI Economy Institute, Global AI Diffusion Report 2026 Q1 (May 2026)",Microsoft,https://www.microsoft.com/en-us/research/wp-content/uploads/2026/05/Microsoft-AI-Diffusion-Report-2026-Q1.pdf
Mauritania,2025-H1,8.7,,"Microsoft AI Economy Institute, Global AI Diffusion Report 2026 Q1 (May 2026)",Microsoft,https://www.microsoft.com/en-us/research/wp-content/uploads/2026/05/Microsoft-AI-Diffusion-Report-2026-Q1.pdf
Mauritania,2025-H2,9.3,,"Microsoft AI Economy Institute, Global AI Diffusion Report 2026 Q1 (May 2026)",Microsoft,https://www.microsoft.com/en-us/research/wp-content/uploads/2026/05/Microsoft-AI-Diffusion-Report-2026-Q1.pdf
Mauritania,2026-Q1,10.1,108,"Microsoft AI Economy Institute, Global AI Diffusion Report 2026 Q1 (May 2026)",Microsoft,https://www.microsoft.com/en-us/research/wp-content/uploads/2026/05/Microsoft-AI-Diffusion-Report-2026-Q1.pdf
Niger,2025-H1,8.7,,"Microsoft AI Economy Institute, Global AI Diffusion Report 2026 Q1 (May 2026)",Microsoft,https://www.microsoft.com/en-us/research/wp-content/uploads/2026/05/Microsoft-AI-Diffusion-Report-2026-Q1.pdf
Niger,2025-H2,9.3,,"Microsoft AI Economy Institute, Global AI Diffusion Report 2026 Q1 (May 2026)",Microsoft,https://www.microsoft.com/en-us/research/wp-content/uploads/2026/05/Microsoft-AI-Diffusion-Report-2026-Q1.pdf
Niger,2026-Q1,10.1,109,"Microsoft AI Economy Institute, Global AI Diffusion Report 2026 Q1 (May 2026)",Microsoft,https://www.microsoft.com/en-us/research/wp-content/uploads/2026/05/Microsoft-AI-Diffusion-Report-2026-Q1.pdf
Nigeria,2025-H1,8.7,,"Microsoft AI Economy Institute, Global AI Diffusion Report 2026 Q1 (May 2026)",Microsoft,https://www.microsoft.com/en-us/research/wp-content/uploads/2026/05/Microsoft-AI-Diffusion-Report-2026-Q1.pdf
Nigeria,2025-H2,9.3,,"Microsoft AI Economy Institute, Global AI Diffusion Report 2026 Q1 (May 2026)",Microsoft,https://www.microsoft.com/en-us/research/wp-content/uploads/2026/05/Microsoft-AI-Diffusion-Report-2026-Q1.pdf
Nigeria,2026-Q1,10.1,110,"Microsoft AI Economy Institute, Global AI Diffusion Report 2026 Q1 (May 2026)",Microsoft,https://www.microsoft.com/en-us/research/wp-content/uploads/2026/05/Microsoft-AI-Diffusion-Report-2026-Q1.pdf
Sierra Leone,2025-H1,8.7,,"Microsoft AI Economy Institute, Global AI Diffusion Report 2026 Q1 (May 2026)",Microsoft,https://www.microsoft.com/en-us/research/wp-content/uploads/2026/05/Microsoft-AI-Diffusion-Report-2026-Q1.pdf
Sierra Leone,2025-H2,9.3,,"Microsoft AI Economy Institute, Global AI Diffusion Report 2026 Q1 (May 2026)",Microsoft,https://www.microsoft.com/en-us/research/wp-content/uploads/2026/05/Microsoft-AI-Diffusion-Report-2026-Q1.pdf
Sierra Leone,2026-Q1,10.1,111,"Microsoft AI Economy Institute, Global AI Diffusion Report 2026 Q1 (May 2026)",Microsoft,https://www.microsoft.com/en-us/research/wp-content/uploads/2026/05/Microsoft-AI-Diffusion-Report-2026-Q1.pdf
Togo,2025-H1,8.7,,"Microsoft AI Economy Institute, Global AI Diffusion Report 2026 Q1 (May 2026)",Microsoft,https://www.microsoft.com/en-us/research/wp-content/uploads/2026/05/Microsoft-AI-Diffusion-Report-2026-Q1.pdf
Togo,2025-H2,9.3,,"Microsoft AI Economy Institute, Global AI Diffusion Report 2026 Q1 (May 2026)",Microsoft,https://www.microsoft.com/en-us/research/wp-content/uploads/2026/05/Microsoft-AI-Diffusion-Report-2026-Q1.pdf
Togo,2026-Q1,10.1,112,"Microsoft AI Economy Institute, Global AI Diffusion Report 2026 Q1 (May 2026)",Microsoft,https://www.microsoft.com/en-us/research/wp-content/uploads/2026/05/Microsoft-AI-Diffusion-Report-2026-Q1.pdf
Myanmar,2025-H1,8.4,,"Microsoft AI Economy Institute, Global AI Diffusion Report 2026 Q1 (May 2026)",Microsoft,https://www.microsoft.com/en-us/research/wp-content/uploads/2026/05/Microsoft-AI-Diffusion-Report-2026-Q1.pdf
Myanmar,2025-H2,9.1,,"Microsoft AI Economy Institute, Global AI Diffusion Report 2026 Q1 (May 2026)",Microsoft,https://www.microsoft.com/en-us/research/wp-content/uploads/2026/05/Microsoft-AI-Diffusion-Report-2026-Q1.pdf
Myanmar,2026-Q1,10.0,113,"Microsoft AI Economy Institute, Global AI Diffusion Report 2026 Q1 (May 2026)",Microsoft,https://www.microsoft.com/en-us/research/wp-content/uploads/2026/05/Microsoft-AI-Diffusion-Report-2026-Q1.pdf
Lesotho,2025-H1,8.8,,"Microsoft AI Economy Institute, Global AI Diffusion Report 2026 Q1 (May 2026)",Microsoft,https://www.microsoft.com/en-us/research/wp-content/uploads/2026/05/Microsoft-AI-Diffusion-Report-2026-Q1.pdf
Lesotho,2025-H2,9.1,,"Microsoft AI Economy Institute, Global AI Diffusion Report 2026 Q1 (May 2026)",Microsoft,https://www.microsoft.com/en-us/research/wp-content/uploads/2026/05/Microsoft-AI-Diffusion-Report-2026-Q1.pdf
Lesotho,2026-Q1,9.8,114,"Microsoft AI Economy Institute, Global AI Diffusion Report 2026 Q1 (May 2026)",Microsoft,https://www.microsoft.com/en-us/research/wp-content/uploads/2026/05/Microsoft-AI-Diffusion-Report-2026-Q1.pdf
Belarus,2025-H1,7.6,,"Microsoft AI Economy Institute, Global AI Diffusion Report 2026 Q1 (May 2026)",Microsoft,https://www.microsoft.com/en-us/research/wp-content/uploads/2026/05/Microsoft-AI-Diffusion-Report-2026-Q1.pdf
Belarus,2025-H2,8.4,,"Microsoft AI Economy Institute, Global AI Diffusion Report 2026 Q1 (May 2026)",Microsoft,https://www.microsoft.com/en-us/research/wp-content/uploads/2026/05/Microsoft-AI-Diffusion-Report-2026-Q1.pdf
Belarus,2026-Q1,9.6,115,"Microsoft AI Economy Institute, Global AI Diffusion Report 2026 Q1 (May 2026)",Microsoft,https://www.microsoft.com/en-us/research/wp-content/uploads/2026/05/Microsoft-AI-Diffusion-Report-2026-Q1.pdf
Kyrgyzstan,2025-H1,7.6,,"Microsoft AI Economy Institute, Global AI Diffusion Report 2026 Q1 (May 2026)",Microsoft,https://www.microsoft.com/en-us/research/wp-content/uploads/2026/05/Microsoft-AI-Diffusion-Report-2026-Q1.pdf
Kyrgyzstan,2025-H2,8.2,,"Microsoft AI Economy Institute, Global AI Diffusion Report 2026 Q1 (May 2026)",Microsoft,https://www.microsoft.com/en-us/research/wp-content/uploads/2026/05/Microsoft-AI-Diffusion-Report-2026-Q1.pdf
Kyrgyzstan,2026-Q1,9.5,116,"Microsoft AI Economy Institute, Global AI Diffusion Report 2026 Q1 (May 2026)",Microsoft,https://www.microsoft.com/en-us/research/wp-content/uploads/2026/05/Microsoft-AI-Diffusion-Report-2026-Q1.pdf
Russia,2025-H1,7.6,,"Microsoft AI Economy Institute, Global AI Diffusion Report 2026 Q1 (May 2026)",Microsoft,https://www.microsoft.com/en-us/research/wp-content/uploads/2026/05/Microsoft-AI-Diffusion-Report-2026-Q1.pdf
Russia,2025-H2,8.0,,"Microsoft AI Economy Institute, Global AI Diffusion Report 2026 Q1 (May 2026)",Microsoft,https://www.microsoft.com/en-us/research/wp-content/uploads/2026/05/Microsoft-AI-Diffusion-Report-2026-Q1.pdf
Russia,2026-Q1,9.5,117,"Microsoft AI Economy Institute, Global AI Diffusion Report 2026 Q1 (May 2026)",Microsoft,https://www.microsoft.com/en-us/research/wp-content/uploads/2026/05/Microsoft-AI-Diffusion-Report-2026-Q1.pdf
Ukraine,2025-H1,9.1,,"Microsoft AI Economy Institute, Global AI Diffusion Report 2026 Q1 (May 2026)",Microsoft,https://www.microsoft.com/en-us/research/wp-content/uploads/2026/05/Microsoft-AI-Diffusion-Report-2026-Q1.pdf
Ukraine,2025-H2,9.0,,"Microsoft AI Economy Institute, Global AI Diffusion Report 2026 Q1 (May 2026)",Microsoft,https://www.microsoft.com/en-us/research/wp-content/uploads/2026/05/Microsoft-AI-Diffusion-Report-2026-Q1.pdf
Ukraine,2026-Q1,9.4,118,"Microsoft AI Economy Institute, Global AI Diffusion Report 2026 Q1 (May 2026)",Microsoft,https://www.microsoft.com/en-us/research/wp-content/uploads/2026/05/Microsoft-AI-Diffusion-Report-2026-Q1.pdf
Kenya,2025-H1,7.8,,"Microsoft AI Economy Institute, Global AI Diffusion Report 2026 Q1 (May 2026)",Microsoft,https://www.microsoft.com/en-us/research/wp-content/uploads/2026/05/Microsoft-AI-Diffusion-Report-2026-Q1.pdf
Kenya,2025-H2,8.1,,"Microsoft AI Economy Institute, Global AI Diffusion Report 2026 Q1 (May 2026)",Microsoft,https://www.microsoft.com/en-us/research/wp-content/uploads/2026/05/Microsoft-AI-Diffusion-Report-2026-Q1.pdf
Kenya,2026-Q1,8.7,119,"Microsoft AI Economy Institute, Global AI Diffusion Report 2026 Q1 (May 2026)",Microsoft,https://www.microsoft.com/en-us/research/wp-content/uploads/2026/05/Microsoft-AI-Diffusion-Report-2026-Q1.pdf
Cameroon,2025-H1,7.0,,"Microsoft AI Economy Institute, Global AI Diffusion Report 2026 Q1 (May 2026)",Microsoft,https://www.microsoft.com/en-us/research/wp-content/uploads/2026/05/Microsoft-AI-Diffusion-Report-2026-Q1.pdf
Cameroon,2025-H2,7.8,,"Microsoft AI Economy Institute, Global AI Diffusion Report 2026 Q1 (May 2026)",Microsoft,https://www.microsoft.com/en-us/research/wp-content/uploads/2026/05/Microsoft-AI-Diffusion-Report-2026-Q1.pdf
Cameroon,2026-Q1,8.7,120,"Microsoft AI Economy Institute, Global AI Diffusion Report 2026 Q1 (May 2026)",Microsoft,https://www.microsoft.com/en-us/research/wp-content/uploads/2026/05/Microsoft-AI-Diffusion-Report-2026-Q1.pdf
Central African Republic,2025-H1,7.0,,"Microsoft AI Economy Institute, Global AI Diffusion Report 2026 Q1 (May 2026)",Microsoft,https://www.microsoft.com/en-us/research/wp-content/uploads/2026/05/Microsoft-AI-Diffusion-Report-2026-Q1.pdf
Central African Republic,2025-H2,7.8,,"Microsoft AI Economy Institute, Global AI Diffusion Report 2026 Q1 (May 2026)",Microsoft,https://www.microsoft.com/en-us/research/wp-content/uploads/2026/05/Microsoft-AI-Diffusion-Report-2026-Q1.pdf
Central African Republic,2026-Q1,8.7,121,"Microsoft AI Economy Institute, Global AI Diffusion Report 2026 Q1 (May 2026)",Microsoft,https://www.microsoft.com/en-us/research/wp-content/uploads/2026/05/Microsoft-AI-Diffusion-Report-2026-Q1.pdf
Chad,2025-H1,7.0,,"Microsoft AI Economy Institute, Global AI Diffusion Report 2026 Q1 (May 2026)",Microsoft,https://www.microsoft.com/en-us/research/wp-content/uploads/2026/05/Microsoft-AI-Diffusion-Report-2026-Q1.pdf
Chad,2025-H2,7.8,,"Microsoft AI Economy Institute, Global AI Diffusion Report 2026 Q1 (May 2026)",Microsoft,https://www.microsoft.com/en-us/research/wp-content/uploads/2026/05/Microsoft-AI-Diffusion-Report-2026-Q1.pdf
Chad,2026-Q1,8.7,122,"Microsoft AI Economy Institute, Global AI Diffusion Report 2026 Q1 (May 2026)",Microsoft,https://www.microsoft.com/en-us/research/wp-content/uploads/2026/05/Microsoft-AI-Diffusion-Report-2026-Q1.pdf
Congo,2025-H1,7.0,,"Microsoft AI Economy Institute, Global AI Diffusion Report 2026 Q1 (May 2026)",Microsoft,https://www.microsoft.com/en-us/research/wp-content/uploads/2026/05/Microsoft-AI-Diffusion-Report-2026-Q1.pdf
Congo,2025-H2,7.8,,"Microsoft AI Economy Institute, Global AI Diffusion Report 2026 Q1 (May 2026)",Microsoft,https://www.microsoft.com/en-us/research/wp-content/uploads/2026/05/Microsoft-AI-Diffusion-Report-2026-Q1.pdf
Congo,2026-Q1,8.7,123,"Microsoft AI Economy Institute, Global AI Diffusion Report 2026 Q1 (May 2026)",Microsoft,https://www.microsoft.com/en-us/research/wp-content/uploads/2026/05/Microsoft-AI-Diffusion-Report-2026-Q1.pdf
Democratic Republic of the Congo,2025-H1,7.0,,"Microsoft AI Economy Institute, Global AI Diffusion Report 2026 Q1 (May 2026)",Microsoft,https://www.microsoft.com/en-us/research/wp-content/uploads/2026/05/Microsoft-AI-Diffusion-Report-2026-Q1.pdf
Democratic Republic of the Congo,2025-H2,7.8,,"Microsoft AI Economy Institute, Global AI Diffusion Report 2026 Q1 (May 2026)",Microsoft,https://www.microsoft.com/en-us/research/wp-content/uploads/2026/05/Microsoft-AI-Diffusion-Report-2026-Q1.pdf
Democratic Republic of the Congo,2026-Q1,8.7,124,"Microsoft AI Economy Institute, Global AI Diffusion Report 2026 Q1 (May 2026)",Microsoft,https://www.microsoft.com/en-us/research/wp-content/uploads/2026/05/Microsoft-AI-Diffusion-Report-2026-Q1.pdf
Zimbabwe,2025-H1,6.9,,"Microsoft AI Economy Institute, Global AI Diffusion Report 2026 Q1 (May 2026)",Microsoft,https://www.microsoft.com/en-us/research/wp-content/uploads/2026/05/Microsoft-AI-Diffusion-Report-2026-Q1.pdf
Zimbabwe,2025-H2,7.6,,"Microsoft AI Economy Institute, Global AI Diffusion Report 2026 Q1 (May 2026)",Microsoft,https://www.microsoft.com/en-us/research/wp-content/uploads/2026/05/Microsoft-AI-Diffusion-Report-2026-Q1.pdf
Zimbabwe,2026-Q1,8.5,125,"Microsoft AI Economy Institute, Global AI Diffusion Report 2026 Q1 (May 2026)",Microsoft,https://www.microsoft.com/en-us/research/wp-content/uploads/2026/05/Microsoft-AI-Diffusion-Report-2026-Q1.pdf
Haiti,2025-H1,7.1,,"Microsoft AI Economy Institute, Global AI Diffusion Report 2026 Q1 (May 2026)",Microsoft,https://www.microsoft.com/en-us/research/wp-content/uploads/2026/05/Microsoft-AI-Diffusion-Report-2026-Q1.pdf
Haiti,2025-H2,7.6,,"Microsoft AI Economy Institute, Global AI Diffusion Report 2026 Q1 (May 2026)",Microsoft,https://www.microsoft.com/en-us/research/wp-content/uploads/2026/05/Microsoft-AI-Diffusion-Report-2026-Q1.pdf
Haiti,2026-Q1,8.5,126,"Microsoft AI Economy Institute, Global AI Diffusion Report 2026 Q1 (May 2026)",Microsoft,https://www.microsoft.com/en-us/research/wp-content/uploads/2026/05/Microsoft-AI-Diffusion-Report-2026-Q1.pdf
Laos,2025-H1,6.0,,"Microsoft AI Economy Institute, Global AI Diffusion Report 2026 Q1 (May 2026)",Microsoft,https://www.microsoft.com/en-us/research/wp-content/uploads/2026/05/Microsoft-AI-Diffusion-Report-2026-Q1.pdf
Laos,2025-H2,6.7,,"Microsoft AI Economy Institute, Global AI Diffusion Report 2026 Q1 (May 2026)",Microsoft,https://www.microsoft.com/en-us/research/wp-content/uploads/2026/05/Microsoft-AI-Diffusion-Report-2026-Q1.pdf
Laos,2026-Q1,7.8,127,"Microsoft AI Economy Institute, Global AI Diffusion Report 2026 Q1 (May 2026)",Microsoft,https://www.microsoft.com/en-us/research/wp-content/uploads/2026/05/Microsoft-AI-Diffusion-Report-2026-Q1.pdf
Bangladesh,2025-H1,6.5,,"Microsoft AI Economy Institute, Global AI Diffusion Report 2026 Q1 (May 2026)",Microsoft,https://www.microsoft.com/en-us/research/wp-content/uploads/2026/05/Microsoft-AI-Diffusion-Report-2026-Q1.pdf
Bangladesh,2025-H2,7.1,,"Microsoft AI Economy Institute, Global AI Diffusion Report 2026 Q1 (May 2026)",Microsoft,https://www.microsoft.com/en-us/research/wp-content/uploads/2026/05/Microsoft-AI-Diffusion-Report-2026-Q1.pdf
Bangladesh,2026-Q1,7.8,128,"Microsoft AI Economy Institute, Global AI Diffusion Report 2026 Q1 (May 2026)",Microsoft,https://www.microsoft.com/en-us/research/wp-content/uploads/2026/05/Microsoft-AI-Diffusion-Report-2026-Q1.pdf
Papua New Guinea,2025-H1,7.2,,"Microsoft AI Economy Institute, Global AI Diffusion Report 2026 Q1 (May 2026)",Microsoft,https://www.microsoft.com/en-us/research/wp-content/uploads/2026/05/Microsoft-AI-Diffusion-Report-2026-Q1.pdf
Papua New Guinea,2025-H2,7.3,,"Microsoft AI Economy Institute, Global AI Diffusion Report 2026 Q1 (May 2026)",Microsoft,https://www.microsoft.com/en-us/research/wp-content/uploads/2026/05/Microsoft-AI-Diffusion-Report-2026-Q1.pdf
Papua New Guinea,2026-Q1,7.7,129,"Microsoft AI Economy Institute, Global AI Diffusion Report 2026 Q1 (May 2026)",Microsoft,https://www.microsoft.com/en-us/research/wp-content/uploads/2026/05/Microsoft-AI-Diffusion-Report-2026-Q1.pdf
Burundi,2025-H1,6.4,,"Microsoft AI Economy Institute, Global AI Diffusion Report 2026 Q1 (May 2026)",Microsoft,https://www.microsoft.com/en-us/research/wp-content/uploads/2026/05/Microsoft-AI-Diffusion-Report-2026-Q1.pdf
Burundi,2025-H2,6.8,,"Microsoft AI Economy Institute, Global AI Diffusion Report 2026 Q1 (May 2026)",Microsoft,https://www.microsoft.com/en-us/research/wp-content/uploads/2026/05/Microsoft-AI-Diffusion-Report-2026-Q1.pdf
Burundi,2026-Q1,7.6,130,"Microsoft AI Economy Institute, Global AI Diffusion Report 2026 Q1 (May 2026)",Microsoft,https://www.microsoft.com/en-us/research/wp-content/uploads/2026/05/Microsoft-AI-Diffusion-Report-2026-Q1.pdf
Eritrea,2025-H1,6.4,,"Microsoft AI Economy Institute, Global AI Diffusion Report 2026 Q1 (May 2026)",Microsoft,https://www.microsoft.com/en-us/research/wp-content/uploads/2026/05/Microsoft-AI-Diffusion-Report-2026-Q1.pdf
Eritrea,2025-H2,6.8,,"Microsoft AI Economy Institute, Global AI Diffusion Report 2026 Q1 (May 2026)",Microsoft,https://www.microsoft.com/en-us/research/wp-content/uploads/2026/05/Microsoft-AI-Diffusion-Report-2026-Q1.pdf
Eritrea,2026-Q1,7.6,131,"Microsoft AI Economy Institute, Global AI Diffusion Report 2026 Q1 (May 2026)",Microsoft,https://www.microsoft.com/en-us/research/wp-content/uploads/2026/05/Microsoft-AI-Diffusion-Report-2026-Q1.pdf
Ethiopia,2025-H1,6.4,,"Microsoft AI Economy Institute, Global AI Diffusion Report 2026 Q1 (May 2026)",Microsoft,https://www.microsoft.com/en-us/research/wp-content/uploads/2026/05/Microsoft-AI-Diffusion-Report-2026-Q1.pdf
Ethiopia,2025-H2,6.8,,"Microsoft AI Economy Institute, Global AI Diffusion Report 2026 Q1 (May 2026)",Microsoft,https://www.microsoft.com/en-us/research/wp-content/uploads/2026/05/Microsoft-AI-Diffusion-Report-2026-Q1.pdf
Ethiopia,2026-Q1,7.6,132,"Microsoft AI Economy Institute, Global AI Diffusion Report 2026 Q1 (May 2026)",Microsoft,https://www.microsoft.com/en-us/research/wp-content/uploads/2026/05/Microsoft-AI-Diffusion-Report-2026-Q1.pdf
Somalia,2025-H1,6.4,,"Microsoft AI Economy Institute, Global AI Diffusion Report 2026 Q1 (May 2026)",Microsoft,https://www.microsoft.com/en-us/research/wp-content/uploads/2026/05/Microsoft-AI-Diffusion-Report-2026-Q1.pdf
Somalia,2025-H2,6.8,,"Microsoft AI Economy Institute, Global AI Diffusion Report 2026 Q1 (May 2026)",Microsoft,https://www.microsoft.com/en-us/research/wp-content/uploads/2026/05/Microsoft-AI-Diffusion-Report-2026-Q1.pdf
Somalia,2026-Q1,7.6,133,"Microsoft AI Economy Institute, Global AI Diffusion Report 2026 Q1 (May 2026)",Microsoft,https://www.microsoft.com/en-us/research/wp-content/uploads/2026/05/Microsoft-AI-Diffusion-Report-2026-Q1.pdf
South Sudan,2025-H1,6.4,,"Microsoft AI Economy Institute, Global AI Diffusion Report 2026 Q1 (May 2026)",Microsoft,https://www.microsoft.com/en-us/research/wp-content/uploads/2026/05/Microsoft-AI-Diffusion-Report-2026-Q1.pdf
South Sudan,2025-H2,6.8,,"Microsoft AI Economy Institute, Global AI Diffusion Report 2026 Q1 (May 2026)",Microsoft,https://www.microsoft.com/en-us/research/wp-content/uploads/2026/05/Microsoft-AI-Diffusion-Report-2026-Q1.pdf
South Sudan,2026-Q1,7.6,134,"Microsoft AI Economy Institute, Global AI Diffusion Report 2026 Q1 (May 2026)",Microsoft,https://www.microsoft.com/en-us/research/wp-content/uploads/2026/05/Microsoft-AI-Diffusion-Report-2026-Q1.pdf
Sudan,2025-H1,6.4,,"Microsoft AI Economy Institute, Global AI Diffusion Report 2026 Q1 (May 2026)",Microsoft,https://www.microsoft.com/en-us/research/wp-content/uploads/2026/05/Microsoft-AI-Diffusion-Report-2026-Q1.pdf
Sudan,2025-H2,6.8,,"Microsoft AI Economy Institute, Global AI Diffusion Report 2026 Q1 (May 2026)",Microsoft,https://www.microsoft.com/en-us/research/wp-content/uploads/2026/05/Microsoft-AI-Diffusion-Report-2026-Q1.pdf
Sudan,2026-Q1,7.6,135,"Microsoft AI Economy Institute, Global AI Diffusion Report 2026 Q1 (May 2026)",Microsoft,https://www.microsoft.com/en-us/research/wp-content/uploads/2026/05/Microsoft-AI-Diffusion-Report-2026-Q1.pdf
Tanzania,2025-H1,6.4,,"Microsoft AI Economy Institute, Global AI Diffusion Report 2026 Q1 (May 2026)",Microsoft,https://www.microsoft.com/en-us/research/wp-content/uploads/2026/05/Microsoft-AI-Diffusion-Report-2026-Q1.pdf
Tanzania,2025-H2,6.8,,"Microsoft AI Economy Institute, Global AI Diffusion Report 2026 Q1 (May 2026)",Microsoft,https://www.microsoft.com/en-us/research/wp-content/uploads/2026/05/Microsoft-AI-Diffusion-Report-2026-Q1.pdf
Tanzania,2026-Q1,7.6,136,"Microsoft AI Economy Institute, Global AI Diffusion Report 2026 Q1 (May 2026)",Microsoft,https://www.microsoft.com/en-us/research/wp-content/uploads/2026/05/Microsoft-AI-Diffusion-Report-2026-Q1.pdf
Uganda,2025-H1,6.4,,"Microsoft AI Economy Institute, Global AI Diffusion Report 2026 Q1 (May 2026)",Microsoft,https://www.microsoft.com/en-us/research/wp-content/uploads/2026/05/Microsoft-AI-Diffusion-Report-2026-Q1.pdf
Uganda,2025-H2,6.8,,"Microsoft AI Economy Institute, Global AI Diffusion Report 2026 Q1 (May 2026)",Microsoft,https://www.microsoft.com/en-us/research/wp-content/uploads/2026/05/Microsoft-AI-Diffusion-Report-2026-Q1.pdf
Uganda,2026-Q1,7.6,137,"Microsoft AI Economy Institute, Global AI Diffusion Report 2026 Q1 (May 2026)",Microsoft,https://www.microsoft.com/en-us/research/wp-content/uploads/2026/05/Microsoft-AI-Diffusion-Report-2026-Q1.pdf
Syria,2025-H1,6.7,,"Microsoft AI Economy Institute, Global AI Diffusion Report 2026 Q1 (May 2026)",Microsoft,https://www.microsoft.com/en-us/research/wp-content/uploads/2026/05/Microsoft-AI-Diffusion-Report-2026-Q1.pdf
Syria,2025-H2,7.1,,"Microsoft AI Economy Institute, Global AI Diffusion Report 2026 Q1 (May 2026)",Microsoft,https://www.microsoft.com/en-us/research/wp-content/uploads/2026/05/Microsoft-AI-Diffusion-Report-2026-Q1.pdf
Syria,2026-Q1,7.5,138,"Microsoft AI Economy Institute, Global AI Diffusion Report 2026 Q1 (May 2026)",Microsoft,https://www.microsoft.com/en-us/research/wp-content/uploads/2026/05/Microsoft-AI-Diffusion-Report-2026-Q1.pdf
Armenia,2025-H1,6.2,,"Microsoft AI Economy Institute, Global AI Diffusion Report 2026 Q1 (May 2026)",Microsoft,https://www.microsoft.com/en-us/research/wp-content/uploads/2026/05/Microsoft-AI-Diffusion-Report-2026-Q1.pdf
Armenia,2025-H2,6.6,,"Microsoft AI Economy Institute, Global AI Diffusion Report 2026 Q1 (May 2026)",Microsoft,https://www.microsoft.com/en-us/research/wp-content/uploads/2026/05/Microsoft-AI-Diffusion-Report-2026-Q1.pdf
Armenia,2026-Q1,7.4,139,"Microsoft AI Economy Institute, Global AI Diffusion Report 2026 Q1 (May 2026)",Microsoft,https://www.microsoft.com/en-us/research/wp-content/uploads/2026/05/Microsoft-AI-Diffusion-Report-2026-Q1.pdf
Sri Lanka,2025-H1,6.2,,"Microsoft AI Economy Institute, Global AI Diffusion Report 2026 Q1 (May 2026)",Microsoft,https://www.microsoft.com/en-us/research/wp-content/uploads/2026/05/Microsoft-AI-Diffusion-Report-2026-Q1.pdf
Sri Lanka,2025-H2,6.6,,"Microsoft AI Economy Institute, Global AI Diffusion Report 2026 Q1 (May 2026)",Microsoft,https://www.microsoft.com/en-us/research/wp-content/uploads/2026/05/Microsoft-AI-Diffusion-Report-2026-Q1.pdf
Sri Lanka,2026-Q1,7.3,140,"Microsoft AI Economy Institute, Global AI Diffusion Report 2026 Q1 (May 2026)",Microsoft,https://www.microsoft.com/en-us/research/wp-content/uploads/2026/05/Microsoft-AI-Diffusion-Report-2026-Q1.pdf
Rwanda,2025-H1,6.0,,"Microsoft AI Economy Institute, Global AI Diffusion Report 2026 Q1 (May 2026)",Microsoft,https://www.microsoft.com/en-us/research/wp-content/uploads/2026/05/Microsoft-AI-Diffusion-Report-2026-Q1.pdf
Rwanda,2025-H2,6.3,,"Microsoft AI Economy Institute, Global AI Diffusion Report 2026 Q1 (May 2026)",Microsoft,https://www.microsoft.com/en-us/research/wp-content/uploads/2026/05/Microsoft-AI-Diffusion-Report-2026-Q1.pdf
Rwanda,2026-Q1,7.2,141,"Microsoft AI Economy Institute, Global AI Diffusion Report 2026 Q1 (May 2026)",Microsoft,https://www.microsoft.com/en-us/research/wp-content/uploads/2026/05/Microsoft-AI-Diffusion-Report-2026-Q1.pdf
Uzbekistan,2025-H1,5.7,,"Microsoft AI Economy Institute, Global AI Diffusion Report 2026 Q1 (May 2026)",Microsoft,https://www.microsoft.com/en-us/research/wp-content/uploads/2026/05/Microsoft-AI-Diffusion-Report-2026-Q1.pdf
Uzbekistan,2025-H2,6.3,,"Microsoft AI Economy Institute, Global AI Diffusion Report 2026 Q1 (May 2026)",Microsoft,https://www.microsoft.com/en-us/research/wp-content/uploads/2026/05/Microsoft-AI-Diffusion-Report-2026-Q1.pdf
Uzbekistan,2026-Q1,7.2,142,"Microsoft AI Economy Institute, Global AI Diffusion Report 2026 Q1 (May 2026)",Microsoft,https://www.microsoft.com/en-us/research/wp-content/uploads/2026/05/Microsoft-AI-Diffusion-Report-2026-Q1.pdf
Cuba,2025-H1,5.7,,"Microsoft AI Economy Institute, Global AI Diffusion Report 2026 Q1 (May 2026)",Microsoft,https://www.microsoft.com/en-us/research/wp-content/uploads/2026/05/Microsoft-AI-Diffusion-Report-2026-Q1.pdf
Cuba,2025-H2,6.1,,"Microsoft AI Economy Institute, Global AI Diffusion Report 2026 Q1 (May 2026)",Microsoft,https://www.microsoft.com/en-us/research/wp-content/uploads/2026/05/Microsoft-AI-Diffusion-Report-2026-Q1.pdf
Cuba,2026-Q1,6.7,143,"Microsoft AI Economy Institute, Global AI Diffusion Report 2026 Q1 (May 2026)",Microsoft,https://www.microsoft.com/en-us/research/wp-content/uploads/2026/05/Microsoft-AI-Diffusion-Report-2026-Q1.pdf
Afghanistan,2025-H1,5.1,,"Microsoft AI Economy Institute, Global AI Diffusion Report 2026 Q1 (May 2026)",Microsoft,https://www.microsoft.com/en-us/research/wp-content/uploads/2026/05/Microsoft-AI-Diffusion-Report-2026-Q1.pdf
Afghanistan,2025-H2,5.6,,"Microsoft AI Economy Institute, Global AI Diffusion Report 2026 Q1 (May 2026)",Microsoft,https://www.microsoft.com/en-us/research/wp-content/uploads/2026/05/Microsoft-AI-Diffusion-Report-2026-Q1.pdf
Afghanistan,2026-Q1,6.1,144,"Microsoft AI Economy Institute, Global AI Diffusion Report 2026 Q1 (May 2026)",Microsoft,https://www.microsoft.com/en-us/research/wp-content/uploads/2026/05/Microsoft-AI-Diffusion-Report-2026-Q1.pdf
Tajikistan,2025-H1,5.1,,"Microsoft AI Economy Institute, Global AI Diffusion Report 2026 Q1 (May 2026)",Microsoft,https://www.microsoft.com/en-us/research/wp-content/uploads/2026/05/Microsoft-AI-Diffusion-Report-2026-Q1.pdf
Tajikistan,2025-H2,5.6,,"Microsoft AI Economy Institute, Global AI Diffusion Report 2026 Q1 (May 2026)",Microsoft,https://www.microsoft.com/en-us/research/wp-content/uploads/2026/05/Microsoft-AI-Diffusion-Report-2026-Q1.pdf
Tajikistan,2026-Q1,6.1,145,"Microsoft AI Economy Institute, Global AI Diffusion Report 2026 Q1 (May 2026)",Microsoft,https://www.microsoft.com/en-us/research/wp-content/uploads/2026/05/Microsoft-AI-Diffusion-Report-2026-Q1.pdf
Turkmenistan,2025-H1,5.1,,"Microsoft AI Economy Institute, Global AI Diffusion Report 2026 Q1 (May 2026)",Microsoft,https://www.microsoft.com/en-us/research/wp-content/uploads/2026/05/Microsoft-AI-Diffusion-Report-2026-Q1.pdf
Turkmenistan,2025-H2,5.6,,"Microsoft AI Economy Institute, Global AI Diffusion Report 2026 Q1 (May 2026)",Microsoft,https://www.microsoft.com/en-us/research/wp-content/uploads/2026/05/Microsoft-AI-Diffusion-Report-2026-Q1.pdf
Turkmenistan,2026-Q1,6.1,146,"Microsoft AI Economy Institute, Global AI Diffusion Report 2026 Q1 (May 2026)",Microsoft,https://www.microsoft.com/en-us/research/wp-content/uploads/2026/05/Microsoft-AI-Diffusion-Report-2026-Q1.pdf
Cambodia,2025-H1,4.6,,"Microsoft AI Economy Institute, Global AI Diffusion Report 2026 Q1 (May 2026)",Microsoft,https://www.microsoft.com/en-us/research/wp-content/uploads/2026/05/Microsoft-AI-Diffusion-Report-2026-Q1.pdf
Cambodia,2025-H2,5.1,,"Microsoft AI Economy Institute, Global AI Diffusion Report 2026 Q1 (May 2026)",Microsoft,https://www.microsoft.com/en-us/research/wp-content/uploads/2026/05/Microsoft-AI-Diffusion-Report-2026-Q1.pdf
Cambodia,2026-Q1,5.7,147,"Microsoft AI Economy Institute, Global AI Diffusion Report 2026 Q1 (May 2026)",Microsoft,https://www.microsoft.com/en-us/research/wp-content/uploads/2026/05/Microsoft-AI-Diffusion-Report-2026-Q1.pdf
Qatar,2025-H1,35.7,,"The Peninsula Qatar, 27 Sep 2026",The Peninsula,https://thepeninsulaqatar.com/article/27/09/2026/qatar-secures-top-10-spot-in-latest-global-ai-diffusion-ranking
Qatar,2025-H2,38.3,,"The Peninsula Qatar, 27 Sep 2026",The Peninsula,https://thepeninsulaqatar.com/article/27/09/2026/qatar-secures-top-10-spot-in-latest-global-ai-diffusion-ranking
Qatar,2026-Q1,41.8,,"The Peninsula Qatar, 27 Sep 2026",The Peninsula,https://thepeninsulaqatar.com/article/27/09/2026/qatar-secures-top-10-spot-in-latest-global-ai-diffusion-ranking
Qatar,2026-Q2,43.5,10,"The Peninsula Qatar, 27 Sep 2026",The Peninsula,https://thepeninsulaqatar.com/article/27/09/2026/qatar-secures-top-10-spot-in-latest-global-ai-diffusion-ranking
United Arab Emirates,2026-Q2,73.3,1,"The Peninsula Qatar, 27 Sep 2026",The Peninsula,https://thepeninsulaqatar.com/article/27/09/2026/qatar-secures-top-10-spot-in-latest-global-ai-diffusion-ranking
Singapore,2026-Q2,64.3,,"The Peninsula Qatar, 27 Sep 2026",The Peninsula,https://thepeninsulaqatar.com/article/27/09/2026/qatar-secures-top-10-spot-in-latest-global-ai-diffusion-ranking
Ireland,2026-Q2,49.9,,"The Peninsula Qatar, 27 Sep 2026",The Peninsula,https://thepeninsulaqatar.com/article/27/09/2026/qatar-secures-top-10-spot-in-latest-global-ai-diffusion-ranking
France,2026-Q2,49.6,,"The Peninsula Qatar, 27 Sep 2026",The Peninsula,https://thepeninsulaqatar.com/article/27/09/2026/qatar-secures-top-10-spot-in-latest-global-ai-diffusion-ranking
Norway,2026-Q2,49.4,,"The Peninsula Qatar, 27 Sep 2026",The Peninsula,https://thepeninsulaqatar.com/article/27/09/2026/qatar-secures-top-10-spot-in-latest-global-ai-diffusion-ranking
Spain,2026-Q2,45.1,,"The Peninsula Qatar, 27 Sep 2026",The Peninsula,https://thepeninsulaqatar.com/article/27/09/2026/qatar-secures-top-10-spot-in-latest-global-ai-diffusion-ranking
New Zealand,2026-Q2,44.1,,"The Peninsula Qatar, 27 Sep 2026",The Peninsula,https://thepeninsulaqatar.com/article/27/09/2026/qatar-secures-top-10-spot-in-latest-global-ai-diffusion-ranking
United Kingdom,2026-Q2,43.7,,"The Peninsula Qatar, 27 Sep 2026",The Peninsula,https://thepeninsulaqatar.com/article/27/09/2026/qatar-secures-top-10-spot-in-latest-global-ai-diffusion-ranking
Netherlands,2026-Q2,43.5,,"The Peninsula Qatar, 27 Sep 2026",The Peninsula,https://thepeninsulaqatar.com/article/27/09/2026/qatar-secures-top-10-spot-in-latest-global-ai-diffusion-ranking
Australia,2026-Q2,40.7,,"The Peninsula Qatar, 27 Sep 2026",The Peninsula,https://thepeninsulaqatar.com/article/27/09/2026/qatar-secures-top-10-spot-in-latest-global-ai-diffusion-ranking
United Arab Emirates,2026-Q2,73.3,1,"Middle East AI News, 25 Sep 2026",Middle East AI News,https://www.middleeastainews.com/p/uae-retains-top-world-ai-use-ranking
Singapore,2026-Q2,64.3,,"Middle East AI News, 25 Sep 2026",Middle East AI News,https://www.middleeastainews.com/p/uae-retains-top-world-ai-use-ranking
Ireland,2026-Q2,49.9,,"Middle East AI News, 25 Sep 2026",Middle East AI News,https://www.middleeastainews.com/p/uae-retains-top-world-ai-use-ranking
France,2026-Q2,49.6,,"Middle East AI News, 25 Sep 2026",Middle East AI News,https://www.middleeastainews.com/p/uae-retains-top-world-ai-use-ranking
Qatar,2026-Q2,43.5,10,"Middle East AI News, 25 Sep 2026",Middle East AI News,https://www.middleeastainews.com/p/uae-retains-top-world-ai-use-ranking
Israel,2026-Q2,38.7,,"Middle East AI News, 25 Sep 2026",Middle East AI News,https://www.middleeastainews.com/p/uae-retains-top-world-ai-use-ranking
Saudi Arabia,2026-Q2,31.4,25,"Middle East AI News, 25 Sep 2026",Middle East AI News,https://www.middleeastainews.com/p/uae-retains-top-world-ai-use-ranking
United Arab Emirates,2026-Q2,73.3,1,"Microsoft Source EMEA, Sep 2026 (Switzerland release)",Microsoft,https://news.microsoft.com/source/emea/2026/09/new-microsoft-data-ai-adoption-continues-to-rise-switzerland-remains-well-above-the-global-average/
Singapore,2026-Q2,64.3,2,"Microsoft Source EMEA, Sep 2026 (Switzerland release)",Microsoft,https://news.microsoft.com/source/emea/2026/09/new-microsoft-data-ai-adoption-continues-to-rise-switzerland-remains-well-above-the-global-average/
Ireland,2026-Q2,49.9,3,"Microsoft Source EMEA, Sep 2026 (Switzerland release)",Microsoft,https://news.microsoft.com/source/emea/2026/09/new-microsoft-data-ai-adoption-continues-to-rise-switzerland-remains-well-above-the-global-average/
France,2026-Q2,49.6,4,"Microsoft Source EMEA, Sep 2026 (Switzerland release)",Microsoft,https://news.microsoft.com/source/emea/2026/09/new-microsoft-data-ai-adoption-continues-to-rise-switzerland-remains-well-above-the-global-average/
Norway,2026-Q2,49.4,5,"Microsoft Source EMEA, Sep 2026 (Switzerland release)",Microsoft,https://news.microsoft.com/source/emea/2026/09/new-microsoft-data-ai-adoption-continues-to-rise-switzerland-remains-well-above-the-global-average/
Switzerland,2026-Q2,39.1,,"Microsoft Source EMEA, Sep 2026 (Switzerland release)",Microsoft,https://news.microsoft.com/source/emea/2026/09/new-microsoft-data-ai-adoption-continues-to-rise-switzerland-remains-well-above-the-global-average/
Switzerland,2026-Q1,37.8,,"Microsoft Source EMEA, Sep 2026 (Switzerland release)",Microsoft,https://news.microsoft.com/source/emea/2026/09/new-microsoft-data-ai-adoption-continues-to-rise-switzerland-remains-well-above-the-global-average/
United Arab Emirates,2026-Q2,73.3,1,"Pebblous, AI Usage Rankings: What Microsoft's Country Numbers Count, Sep 2026",Pebblous,https://blog.pebblous.ai/report/microsoft-ai-diffusion-denominator-2026-09/en/
Singapore,2026-Q2,64.3,,"Pebblous, AI Usage Rankings: What Microsoft's Country Numbers Count, Sep 2026",Pebblous,https://blog.pebblous.ai/report/microsoft-ai-diffusion-denominator-2026-09/en/
Switzerland,2026-Q2,39.1,,"Pebblous, AI Usage Rankings: What Microsoft's Country Numbers Count, Sep 2026",Pebblous,https://blog.pebblous.ai/report/microsoft-ai-diffusion-denominator-2026-09/en/
South Korea,2026-Q2,40.6,12,"Pebblous, AI Usage Rankings: What Microsoft's Country Numbers Count, Sep 2026",Pebblous,https://blog.pebblous.ai/report/microsoft-ai-diffusion-denominator-2026-09/en/
Saudi Arabia,2026-Q2,31.4,25,"Pebblous, AI Usage Rankings: What Microsoft's Country Numbers Count, Sep 2026",Pebblous,https://blog.pebblous.ai/report/microsoft-ai-diffusion-denominator-2026-09/en/
Saudi Arabia,2026-Q1,29.4,,"Pebblous, AI Usage Rankings: What Microsoft's Country Numbers Count, Sep 2026",Pebblous,https://blog.pebblous.ai/report/microsoft-ai-diffusion-denominator-2026-09/en/
Italy,2026-Q2,31.4,,"Pebblous, AI Usage Rankings: What Microsoft's Country Numbers Count, Sep 2026",Pebblous,https://blog.pebblous.ai/report/microsoft-ai-diffusion-denominator-2026-09/en/
United States,2026-Q2,33.0,21,"Pebblous, AI Usage Rankings: What Microsoft's Country Numbers Count, Sep 2026",Pebblous,https://blog.pebblous.ai/report/microsoft-ai-diffusion-denominator-2026-09/en/
Japan,2026-Q1,22.5,,"Pebblous, AI Usage Rankings: What Microsoft's Country Numbers Count, Sep 2026",Pebblous,https://blog.pebblous.ai/report/microsoft-ai-diffusion-denominator-2026-09/en/
China,2025-H1,15.4,,"Pebblous, AI Usage Rankings: What Microsoft's Country Numbers Count, Sep 2026",Pebblous,https://blog.pebblous.ai/report/microsoft-ai-diffusion-denominator-2026-09/en/
China,2025-H2,16.3,,"Pebblous, AI Usage Rankings: What Microsoft's Country Numbers Count, Sep 2026",Pebblous,https://blog.pebblous.ai/report/microsoft-ai-diffusion-denominator-2026-09/en/
China,2026-Q1,16.4,,"Pebblous, AI Usage Rankings: What Microsoft's Country Numbers Count, Sep 2026",Pebblous,https://blog.pebblous.ai/report/microsoft-ai-diffusion-denominator-2026-09/en/
China,2026-Q2,17.5,67,"Pebblous, AI Usage Rankings: What Microsoft's Country Numbers Count, Sep 2026",Pebblous,https://blog.pebblous.ai/report/microsoft-ai-diffusion-denominator-2026-09/en/
India,2026-Q2,18.5,64,"Pebblous, AI Usage Rankings: What Microsoft's Country Numbers Count, Sep 2026",Pebblous,https://blog.pebblous.ai/report/microsoft-ai-diffusion-denominator-2026-09/en/
Nigeria,2026-Q2,10.4,,"Pebblous, AI Usage Rankings: What Microsoft's Country Numbers Count, Sep 2026",Pebblous,https://blog.pebblous.ai/report/microsoft-ai-diffusion-denominator-2026-09/en/
Jordan,2025-H1,25.4,,"Jordan government news portal, AI Diffusion Index H2 2025",Government of Jordan,https://jordan.gov.jo/AR//NewsDetails/Jordan_Ranks_Third_in_the_Arab_World_and_29th_Globally_in_the_AI_Diffusion_Index
Jordan,2025-H2,27.0,,"Jordan government news portal, AI Diffusion Index H2 2025",Government of Jordan,https://jordan.gov.jo/AR//NewsDetails/Jordan_Ranks_Third_in_the_Arab_World_and_29th_Globally_in_the_AI_Diffusion_Index
United Arab Emirates,2025-H2,64.0,,"Jordan government news portal, AI Diffusion Index H2 2025",Government of Jordan,https://jordan.gov.jo/AR//NewsDetails/Jordan_Ranks_Third_in_the_Arab_World_and_29th_Globally_in_the_AI_Diffusion_Index
Qatar,2025-H2,38.3,,"Jordan government news portal, AI Diffusion Index H2 2025",Government of Jordan,https://jordan.gov.jo/AR//NewsDetails/Jordan_Ranks_Third_in_the_Arab_World_and_29th_Globally_in_the_AI_Diffusion_Index
Egypt,2026-Q1,14.8,,"Follow ICT, 14 May 2026",Follow ICT,https://followict.news/microsoft-ai-diffusion-report-highlights-egypts-growing-ai-momentum/
Egypt,2025-H2,13.4,,"Follow ICT, 14 May 2026",Follow ICT,https://followict.news/microsoft-ai-diffusion-report-highlights-egypts-growing-ai-momentum/
United Arab Emirates,2026-Q1,70.1,,"Follow ICT, 14 May 2026",Follow ICT,https://followict.news/microsoft-ai-diffusion-report-highlights-egypts-growing-ai-momentum/
Qatar,2026-Q1,41.8,10,"Follow ICT, 14 May 2026",Follow ICT,https://followict.news/microsoft-ai-diffusion-report-highlights-egypts-growing-ai-momentum/
United Arab Emirates,2026-Q1,70.1,1,"Microsoft On the Issues, The state of global AI diffusion in 2026, 7 May 2026",Microsoft,https://blogs.microsoft.com/on-the-issues/2026/05/07/the-state-of-global-ai-diffusion-in-2026/
United States,2026-Q1,31.3,21,"Microsoft On the Issues, The state of global AI diffusion in 2026, 7 May 2026",Microsoft,https://blogs.microsoft.com/on-the-issues/2026/05/07/the-state-of-global-ai-diffusion-in-2026/
United Arab Emirates,2026-Q1,70.1,,"Enterprise DNA, 10 May 2026",Enterprise DNA,https://enterprisedna.co/resources/news/microsoft-ai-diffusion-q1-2026-adoption-gap
United States,2026-Q1,31.3,21,"Enterprise DNA, 10 May 2026",Enterprise DNA,https://enterprisedna.co/resources/news/microsoft-ai-diffusion-q1-2026-adoption-gap
United Arab Emirates,2025-H1,59.4,,"Microsoft AI Economy Institute, Global AI Adoption in 2025 (H2 2025 report, January 2026)",Microsoft,https://www.microsoft.com/en-us/research/wp-content/uploads/2026/01/Microsoft-AI-Diffusion-Report-2025-H2.pdf
United Arab Emirates,2025-H2,64.0,1,"Microsoft AI Economy Institute, Global AI Adoption in 2025 (H2 2025 report, January 2026)",Microsoft,https://www.microsoft.com/en-us/research/wp-content/uploads/2026/01/Microsoft-AI-Diffusion-Report-2025-H2.pdf
Singapore,2025-H1,58.6,,"Microsoft AI Economy Institute, Global AI Adoption in 2025 (H2 2025 report, January 2026)",Microsoft,https://www.microsoft.com/en-us/research/wp-content/uploads/2026/01/Microsoft-AI-Diffusion-Report-2025-H2.pdf
Singapore,2025-H2,60.9,2,"Microsoft AI Economy Institute, Global AI Adoption in 2025 (H2 2025 report, January 2026)",Microsoft,https://www.microsoft.com/en-us/research/wp-content/uploads/2026/01/Microsoft-AI-Diffusion-Report-2025-H2.pdf
Norway,2025-H1,45.3,,"Microsoft AI Economy Institute, Global AI Adoption in 2025 (H2 2025 report, January 2026)",Microsoft,https://www.microsoft.com/en-us/research/wp-content/uploads/2026/01/Microsoft-AI-Diffusion-Report-2025-H2.pdf
Norway,2025-H2,46.4,3,"Microsoft AI Economy Institute, Global AI Adoption in 2025 (H2 2025 report, January 2026)",Microsoft,https://www.microsoft.com/en-us/research/wp-content/uploads/2026/01/Microsoft-AI-Diffusion-Report-2025-H2.pdf
Ireland,2025-H1,41.7,,"Microsoft AI Economy Institute, Global AI Adoption in 2025 (H2 2025 report, January 2026)",Microsoft,https://www.microsoft.com/en-us/research/wp-content/uploads/2026/01/Microsoft-AI-Diffusion-Report-2025-H2.pdf
Ireland,2025-H2,44.6,4,"Microsoft AI Economy Institute, Global AI Adoption in 2025 (H2 2025 report, January 2026)",Microsoft,https://www.microsoft.com/en-us/research/wp-content/uploads/2026/01/Microsoft-AI-Diffusion-Report-2025-H2.pdf
France,2025-H1,40.9,,"Microsoft AI Economy Institute, Global AI Adoption in 2025 (H2 2025 report, January 2026)",Microsoft,https://www.microsoft.com/en-us/research/wp-content/uploads/2026/01/Microsoft-AI-Diffusion-Report-2025-H2.pdf
France,2025-H2,44.0,5,"Microsoft AI Economy Institute, Global AI Adoption in 2025 (H2 2025 report, January 2026)",Microsoft,https://www.microsoft.com/en-us/research/wp-content/uploads/2026/01/Microsoft-AI-Diffusion-Report-2025-H2.pdf
Spain,2025-H1,39.7,,"Microsoft AI Economy Institute, Global AI Adoption in 2025 (H2 2025 report, January 2026)",Microsoft,https://www.microsoft.com/en-us/research/wp-content/uploads/2026/01/Microsoft-AI-Diffusion-Report-2025-H2.pdf
Spain,2025-H2,41.8,6,"Microsoft AI Economy Institute, Global AI Adoption in 2025 (H2 2025 report, January 2026)",Microsoft,https://www.microsoft.com/en-us/research/wp-content/uploads/2026/01/Microsoft-AI-Diffusion-Report-2025-H2.pdf
New Zealand,2025-H1,37.6,,"Microsoft AI Economy Institute, Global AI Adoption in 2025 (H2 2025 report, January 2026)",Microsoft,https://www.microsoft.com/en-us/research/wp-content/uploads/2026/01/Microsoft-AI-Diffusion-Report-2025-H2.pdf
New Zealand,2025-H2,40.5,7,"Microsoft AI Economy Institute, Global AI Adoption in 2025 (H2 2025 report, January 2026)",Microsoft,https://www.microsoft.com/en-us/research/wp-content/uploads/2026/01/Microsoft-AI-Diffusion-Report-2025-H2.pdf
Netherlands,2025-H1,36.3,,"Microsoft AI Economy Institute, Global AI Adoption in 2025 (H2 2025 report, January 2026)",Microsoft,https://www.microsoft.com/en-us/research/wp-content/uploads/2026/01/Microsoft-AI-Diffusion-Report-2025-H2.pdf
Netherlands,2025-H2,38.9,8,"Microsoft AI Economy Institute, Global AI Adoption in 2025 (H2 2025 report, January 2026)",Microsoft,https://www.microsoft.com/en-us/research/wp-content/uploads/2026/01/Microsoft-AI-Diffusion-Report-2025-H2.pdf
United Kingdom,2025-H1,36.4,,"Microsoft AI Economy Institute, Global AI Adoption in 2025 (H2 2025 report, January 2026)",Microsoft,https://www.microsoft.com/en-us/research/wp-content/uploads/2026/01/Microsoft-AI-Diffusion-Report-2025-H2.pdf
United Kingdom,2025-H2,38.9,9,"Microsoft AI Economy Institute, Global AI Adoption in 2025 (H2 2025 report, January 2026)",Microsoft,https://www.microsoft.com/en-us/research/wp-content/uploads/2026/01/Microsoft-AI-Diffusion-Report-2025-H2.pdf
Qatar,2025-H1,35.7,,"Microsoft AI Economy Institute, Global AI Adoption in 2025 (H2 2025 report, January 2026)",Microsoft,https://www.microsoft.com/en-us/research/wp-content/uploads/2026/01/Microsoft-AI-Diffusion-Report-2025-H2.pdf
Qatar,2025-H2,38.3,10,"Microsoft AI Economy Institute, Global AI Adoption in 2025 (H2 2025 report, January 2026)",Microsoft,https://www.microsoft.com/en-us/research/wp-content/uploads/2026/01/Microsoft-AI-Diffusion-Report-2025-H2.pdf
Australia,2025-H1,34.5,,"Microsoft AI Economy Institute, Global AI Adoption in 2025 (H2 2025 report, January 2026)",Microsoft,https://www.microsoft.com/en-us/research/wp-content/uploads/2026/01/Microsoft-AI-Diffusion-Report-2025-H2.pdf
Australia,2025-H2,36.9,11,"Microsoft AI Economy Institute, Global AI Adoption in 2025 (H2 2025 report, January 2026)",Microsoft,https://www.microsoft.com/en-us/research/wp-content/uploads/2026/01/Microsoft-AI-Diffusion-Report-2025-H2.pdf
Israel,2025-H1,33.9,,"Microsoft AI Economy Institute, Global AI Adoption in 2025 (H2 2025 report, January 2026)",Microsoft,https://www.microsoft.com/en-us/research/wp-content/uploads/2026/01/Microsoft-AI-Diffusion-Report-2025-H2.pdf
Israel,2025-H2,36.1,12,"Microsoft AI Economy Institute, Global AI Adoption in 2025 (H2 2025 report, January 2026)",Microsoft,https://www.microsoft.com/en-us/research/wp-content/uploads/2026/01/Microsoft-AI-Diffusion-Report-2025-H2.pdf
Belgium,2025-H1,33.5,,"Microsoft AI Economy Institute, Global AI Adoption in 2025 (H2 2025 report, January 2026)",Microsoft,https://www.microsoft.com/en-us/research/wp-content/uploads/2026/01/Microsoft-AI-Diffusion-Report-2025-H2.pdf
Belgium,2025-H2,36.0,13,"Microsoft AI Economy Institute, Global AI Adoption in 2025 (H2 2025 report, January 2026)",Microsoft,https://www.microsoft.com/en-us/research/wp-content/uploads/2026/01/Microsoft-AI-Diffusion-Report-2025-H2.pdf
Canada,2025-H1,33.5,,"Microsoft AI Economy Institute, Global AI Adoption in 2025 (H2 2025 report, January 2026)",Microsoft,https://www.microsoft.com/en-us/research/wp-content/uploads/2026/01/Microsoft-AI-Diffusion-Report-2025-H2.pdf
Canada,2025-H2,35.0,14,"Microsoft AI Economy Institute, Global AI Adoption in 2025 (H2 2025 report, January 2026)",Microsoft,https://www.microsoft.com/en-us/research/wp-content/uploads/2026/01/Microsoft-AI-Diffusion-Report-2025-H2.pdf
Switzerland,2025-H1,32.4,,"Microsoft AI Economy Institute, Global AI Adoption in 2025 (H2 2025 report, January 2026)",Microsoft,https://www.microsoft.com/en-us/research/wp-content/uploads/2026/01/Microsoft-AI-Diffusion-Report-2025-H2.pdf
Switzerland,2025-H2,34.8,15,"Microsoft AI Economy Institute, Global AI Adoption in 2025 (H2 2025 report, January 2026)",Microsoft,https://www.microsoft.com/en-us/research/wp-content/uploads/2026/01/Microsoft-AI-Diffusion-Report-2025-H2.pdf
Sweden,2025-H1,31.2,,"Microsoft AI Economy Institute, Global AI Adoption in 2025 (H2 2025 report, January 2026)",Microsoft,https://www.microsoft.com/en-us/research/wp-content/uploads/2026/01/Microsoft-AI-Diffusion-Report-2025-H2.pdf
Sweden,2025-H2,33.3,16,"Microsoft AI Economy Institute, Global AI Adoption in 2025 (H2 2025 report, January 2026)",Microsoft,https://www.microsoft.com/en-us/research/wp-content/uploads/2026/01/Microsoft-AI-Diffusion-Report-2025-H2.pdf
Austria,2025-H1,29.1,,"Microsoft AI Economy Institute, Global AI Adoption in 2025 (H2 2025 report, January 2026)",Microsoft,https://www.microsoft.com/en-us/research/wp-content/uploads/2026/01/Microsoft-AI-Diffusion-Report-2025-H2.pdf
Austria,2025-H2,31.4,17,"Microsoft AI Economy Institute, Global AI Adoption in 2025 (H2 2025 report, January 2026)",Microsoft,https://www.microsoft.com/en-us/research/wp-content/uploads/2026/01/Microsoft-AI-Diffusion-Report-2025-H2.pdf
South Korea,2025-H1,25.9,,"Microsoft AI Economy Institute, Global AI Adoption in 2025 (H2 2025 report, January 2026)",Microsoft,https://www.microsoft.com/en-us/research/wp-content/uploads/2026/01/Microsoft-AI-Diffusion-Report-2025-H2.pdf
South Korea,2025-H2,30.7,18,"Microsoft AI Economy Institute, Global AI Adoption in 2025 (H2 2025 report, January 2026)",Microsoft,https://www.microsoft.com/en-us/research/wp-content/uploads/2026/01/Microsoft-AI-Diffusion-Report-2025-H2.pdf
Hungary,2025-H1,27.9,,"Microsoft AI Economy Institute, Global AI Adoption in 2025 (H2 2025 report, January 2026)",Microsoft,https://www.microsoft.com/en-us/research/wp-content/uploads/2026/01/Microsoft-AI-Diffusion-Report-2025-H2.pdf
Hungary,2025-H2,29.8,19,"Microsoft AI Economy Institute, Global AI Adoption in 2025 (H2 2025 report, January 2026)",Microsoft,https://www.microsoft.com/en-us/research/wp-content/uploads/2026/01/Microsoft-AI-Diffusion-Report-2025-H2.pdf
Denmark,2025-H1,26.6,,"Microsoft AI Economy Institute, Global AI Adoption in 2025 (H2 2025 report, January 2026)",Microsoft,https://www.microsoft.com/en-us/research/wp-content/uploads/2026/01/Microsoft-AI-Diffusion-Report-2025-H2.pdf
Denmark,2025-H2,28.7,20,"Microsoft AI Economy Institute, Global AI Adoption in 2025 (H2 2025 report, January 2026)",Microsoft,https://www.microsoft.com/en-us/research/wp-content/uploads/2026/01/Microsoft-AI-Diffusion-Report-2025-H2.pdf
Germany,2025-H1,26.5,,"Microsoft AI Economy Institute, Global AI Adoption in 2025 (H2 2025 report, January 2026)",Microsoft,https://www.microsoft.com/en-us/research/wp-content/uploads/2026/01/Microsoft-AI-Diffusion-Report-2025-H2.pdf
Germany,2025-H2,28.6,21,"Microsoft AI Economy Institute, Global AI Adoption in 2025 (H2 2025 report, January 2026)",Microsoft,https://www.microsoft.com/en-us/research/wp-content/uploads/2026/01/Microsoft-AI-Diffusion-Report-2025-H2.pdf
Poland,2025-H1,26.4,,"Microsoft AI Economy Institute, Global AI Adoption in 2025 (H2 2025 report, January 2026)",Microsoft,https://www.microsoft.com/en-us/research/wp-content/uploads/2026/01/Microsoft-AI-Diffusion-Report-2025-H2.pdf
Poland,2025-H2,28.5,22,"Microsoft AI Economy Institute, Global AI Adoption in 2025 (H2 2025 report, January 2026)",Microsoft,https://www.microsoft.com/en-us/research/wp-content/uploads/2026/01/Microsoft-AI-Diffusion-Report-2025-H2.pdf
Taiwan,2025-H1,26.4,,"Microsoft AI Economy Institute, Global AI Adoption in 2025 (H2 2025 report, January 2026)",Microsoft,https://www.microsoft.com/en-us/research/wp-content/uploads/2026/01/Microsoft-AI-Diffusion-Report-2025-H2.pdf
Taiwan,2025-H2,28.4,23,"Microsoft AI Economy Institute, Global AI Adoption in 2025 (H2 2025 report, January 2026)",Microsoft,https://www.microsoft.com/en-us/research/wp-content/uploads/2026/01/Microsoft-AI-Diffusion-Report-2025-H2.pdf
United States,2025-H1,26.3,,"Microsoft AI Economy Institute, Global AI Adoption in 2025 (H2 2025 report, January 2026)",Microsoft,https://www.microsoft.com/en-us/research/wp-content/uploads/2026/01/Microsoft-AI-Diffusion-Report-2025-H2.pdf
United States,2025-H2,28.3,24,"Microsoft AI Economy Institute, Global AI Adoption in 2025 (H2 2025 report, January 2026)",Microsoft,https://www.microsoft.com/en-us/research/wp-content/uploads/2026/01/Microsoft-AI-Diffusion-Report-2025-H2.pdf
Czech Republic,2025-H1,26.0,,"Microsoft AI Economy Institute, Global AI Adoption in 2025 (H2 2025 report, January 2026)",Microsoft,https://www.microsoft.com/en-us/research/wp-content/uploads/2026/01/Microsoft-AI-Diffusion-Report-2025-H2.pdf
Czech Republic,2025-H2,27.8,25,"Microsoft AI Economy Institute, Global AI Adoption in 2025 (H2 2025 report, January 2026)",Microsoft,https://www.microsoft.com/en-us/research/wp-content/uploads/2026/01/Microsoft-AI-Diffusion-Report-2025-H2.pdf
Italy,2025-H1,25.8,,"Microsoft AI Economy Institute, Global AI Adoption in 2025 (H2 2025 report, January 2026)",Microsoft,https://www.microsoft.com/en-us/research/wp-content/uploads/2026/01/Microsoft-AI-Diffusion-Report-2025-H2.pdf
Italy,2025-H2,27.8,26,"Microsoft AI Economy Institute, Global AI Adoption in 2025 (H2 2025 report, January 2026)",Microsoft,https://www.microsoft.com/en-us/research/wp-content/uploads/2026/01/Microsoft-AI-Diffusion-Report-2025-H2.pdf
Bulgaria,2025-H1,25.4,,"Microsoft AI Economy Institute, Global AI Adoption in 2025 (H2 2025 report, January 2026)",Microsoft,https://www.microsoft.com/en-us/research/wp-content/uploads/2026/01/Microsoft-AI-Diffusion-Report-2025-H2.pdf
Bulgaria,2025-H2,27.3,27,"Microsoft AI Economy Institute, Global AI Adoption in 2025 (H2 2025 report, January 2026)",Microsoft,https://www.microsoft.com/en-us/research/wp-content/uploads/2026/01/Microsoft-AI-Diffusion-Report-2025-H2.pdf
Finland,2025-H1,25.6,,"Microsoft AI Economy Institute, Global AI Adoption in 2025 (H2 2025 report, January 2026)",Microsoft,https://www.microsoft.com/en-us/research/wp-content/uploads/2026/01/Microsoft-AI-Diffusion-Report-2025-H2.pdf
Finland,2025-H2,27.3,28,"Microsoft AI Economy Institute, Global AI Adoption in 2025 (H2 2025 report, January 2026)",Microsoft,https://www.microsoft.com/en-us/research/wp-content/uploads/2026/01/Microsoft-AI-Diffusion-Report-2025-H2.pdf
Jordan,2025-H1,25.4,,"Microsoft AI Economy Institute, Global AI Adoption in 2025 (H2 2025 report, January 2026)",Microsoft,https://www.microsoft.com/en-us/research/wp-content/uploads/2026/01/Microsoft-AI-Diffusion-Report-2025-H2.pdf
Jordan,2025-H2,27.0,29,"Microsoft AI Economy Institute, Global AI Adoption in 2025 (H2 2025 report, January 2026)",Microsoft,https://www.microsoft.com/en-us/research/wp-content/uploads/2026/01/Microsoft-AI-Diffusion-Report-2025-H2.pdf
Costa Rica,2025-H1,25.1,,"Microsoft AI Economy Institute, Global AI Adoption in 2025 (H2 2025 report, January 2026)",Microsoft,https://www.microsoft.com/en-us/research/wp-content/uploads/2026/01/Microsoft-AI-Diffusion-Report-2025-H2.pdf
Costa Rica,2025-H2,26.5,30,"Microsoft AI Economy Institute, Global AI Adoption in 2025 (H2 2025 report, January 2026)",Microsoft,https://www.microsoft.com/en-us/research/wp-content/uploads/2026/01/Microsoft-AI-Diffusion-Report-2025-H2.pdf
Slovenia,2025-H1,24.6,,"Microsoft AI Economy Institute, Global AI Adoption in 2025 (H2 2025 report, January 2026)",Microsoft,https://www.microsoft.com/en-us/research/wp-content/uploads/2026/01/Microsoft-AI-Diffusion-Report-2025-H2.pdf
Slovenia,2025-H2,26.5,31,"Microsoft AI Economy Institute, Global AI Adoption in 2025 (H2 2025 report, January 2026)",Microsoft,https://www.microsoft.com/en-us/research/wp-content/uploads/2026/01/Microsoft-AI-Diffusion-Report-2025-H2.pdf
Saudi Arabia,2025-H1,23.7,,"Microsoft AI Economy Institute, Global AI Adoption in 2025 (H2 2025 report, January 2026)",Microsoft,https://www.microsoft.com/en-us/research/wp-content/uploads/2026/01/Microsoft-AI-Diffusion-Report-2025-H2.pdf
Saudi Arabia,2025-H2,26.2,32,"Microsoft AI Economy Institute, Global AI Adoption in 2025 (H2 2025 report, January 2026)",Microsoft,https://www.microsoft.com/en-us/research/wp-content/uploads/2026/01/Microsoft-AI-Diffusion-Report-2025-H2.pdf
Lebanon,2025-H1,24.8,,"Microsoft AI Economy Institute, Global AI Adoption in 2025 (H2 2025 report, January 2026)",Microsoft,https://www.microsoft.com/en-us/research/wp-content/uploads/2026/01/Microsoft-AI-Diffusion-Report-2025-H2.pdf
Lebanon,2025-H2,25.7,33,"Microsoft AI Economy Institute, Global AI Adoption in 2025 (H2 2025 report, January 2026)",Microsoft,https://www.microsoft.com/en-us/research/wp-content/uploads/2026/01/Microsoft-AI-Diffusion-Report-2025-H2.pdf
Oman,2025-H1,22.6,,"Microsoft AI Economy Institute, Global AI Adoption in 2025 (H2 2025 report, January 2026)",Microsoft,https://www.microsoft.com/en-us/research/wp-content/uploads/2026/01/Microsoft-AI-Diffusion-Report-2025-H2.pdf
Oman,2025-H2,24.2,34,"Microsoft AI Economy Institute, Global AI Adoption in 2025 (H2 2025 report, January 2026)",Microsoft,https://www.microsoft.com/en-us/research/wp-content/uploads/2026/01/Microsoft-AI-Diffusion-Report-2025-H2.pdf
Portugal,2025-H1,22.4,,"Microsoft AI Economy Institute, Global AI Adoption in 2025 (H2 2025 report, January 2026)",Microsoft,https://www.microsoft.com/en-us/research/wp-content/uploads/2026/01/Microsoft-AI-Diffusion-Report-2025-H2.pdf
Portugal,2025-H2,24.2,35,"Microsoft AI Economy Institute, Global AI Adoption in 2025 (H2 2025 report, January 2026)",Microsoft,https://www.microsoft.com/en-us/research/wp-content/uploads/2026/01/Microsoft-AI-Diffusion-Report-2025-H2.pdf
Slovak Republic,2025-H1,22.1,,"Microsoft AI Economy Institute, Global AI Adoption in 2025 (H2 2025 report, January 2026)",Microsoft,https://www.microsoft.com/en-us/research/wp-content/uploads/2026/01/Microsoft-AI-Diffusion-Report-2025-H2.pdf
Slovak Republic,2025-H2,23.8,36,"Microsoft AI Economy Institute, Global AI Adoption in 2025 (H2 2025 report, January 2026)",Microsoft,https://www.microsoft.com/en-us/research/wp-content/uploads/2026/01/Microsoft-AI-Diffusion-Report-2025-H2.pdf
Croatia,2025-H1,21.8,,"Microsoft AI Economy Institute, Global AI Adoption in 2025 (H2 2025 report, January 2026)",Microsoft,https://www.microsoft.com/en-us/research/wp-content/uploads/2026/01/Microsoft-AI-Diffusion-Report-2025-H2.pdf
Croatia,2025-H2,23.7,37,"Microsoft AI Economy Institute, Global AI Adoption in 2025 (H2 2025 report, January 2026)",Microsoft,https://www.microsoft.com/en-us/research/wp-content/uploads/2026/01/Microsoft-AI-Diffusion-Report-2025-H2.pdf
Vietnam,2025-H1,21.2,,"Microsoft AI Economy Institute, Global AI Adoption in 2025 (H2 2025 report, January 2026)",Microsoft,https://www.microsoft.com/en-us/research/wp-content/uploads/2026/01/Microsoft-AI-Diffusion-Report-2025-H2.pdf
Vietnam,2025-H2,23.5,38,"Microsoft AI Economy Institute, Global AI Adoption in 2025 (H2 2025 report, January 2026)",Microsoft,https://www.microsoft.com/en-us/research/wp-content/uploads/2026/01/Microsoft-AI-Diffusion-Report-2025-H2.pdf
Dominican Republic,2025-H1,22.0,,"Microsoft AI Economy Institute, Global AI Adoption in 2025 (H2 2025 report, January 2026)",Microsoft,https://www.microsoft.com/en-us/research/wp-content/uploads/2026/01/Microsoft-AI-Diffusion-Report-2025-H2.pdf
Dominican Republic,2025-H2,22.7,39,"Microsoft AI Economy Institute, Global AI Adoption in 2025 (H2 2025 report, January 2026)",Microsoft,https://www.microsoft.com/en-us/research/wp-content/uploads/2026/01/Microsoft-AI-Diffusion-Report-2025-H2.pdf
Uruguay,2025-H1,20.9,,"Microsoft AI Economy Institute, Global AI Adoption in 2025 (H2 2025 report, January 2026)",Microsoft,https://www.microsoft.com/en-us/research/wp-content/uploads/2026/01/Microsoft-AI-Diffusion-Report-2025-H2.pdf
Uruguay,2025-H2,22.5,40,"Microsoft AI Economy Institute, Global AI Adoption in 2025 (H2 2025 report, January 2026)",Microsoft,https://www.microsoft.com/en-us/research/wp-content/uploads/2026/01/Microsoft-AI-Diffusion-Report-2025-H2.pdf
Lithuania,2025-H1,21.0,,"Microsoft AI Economy Institute, Global AI Adoption in 2025 (H2 2025 report, January 2026)",Microsoft,https://www.microsoft.com/en-us/research/wp-content/uploads/2026/01/Microsoft-AI-Diffusion-Report-2025-H2.pdf
Lithuania,2025-H2,22.4,41,"Microsoft AI Economy Institute, Global AI Adoption in 2025 (H2 2025 report, January 2026)",Microsoft,https://www.microsoft.com/en-us/research/wp-content/uploads/2026/01/Microsoft-AI-Diffusion-Report-2025-H2.pdf
Jamaica,2025-H1,22.2,,"Microsoft AI Economy Institute, Global AI Adoption in 2025 (H2 2025 report, January 2026)",Microsoft,https://www.microsoft.com/en-us/research/wp-content/uploads/2026/01/Microsoft-AI-Diffusion-Report-2025-H2.pdf
Jamaica,2025-H2,22.1,42,"Microsoft AI Economy Institute, Global AI Adoption in 2025 (H2 2025 report, January 2026)",Microsoft,https://www.microsoft.com/en-us/research/wp-content/uploads/2026/01/Microsoft-AI-Diffusion-Report-2025-H2.pdf
Colombia,2025-H1,20.4,,"Microsoft AI Economy Institute, Global AI Adoption in 2025 (H2 2025 report, January 2026)",Microsoft,https://www.microsoft.com/en-us/research/wp-content/uploads/2026/01/Microsoft-AI-Diffusion-Report-2025-H2.pdf
Colombia,2025-H2,22.0,43,"Microsoft AI Economy Institute, Global AI Adoption in 2025 (H2 2025 report, January 2026)",Microsoft,https://www.microsoft.com/en-us/research/wp-content/uploads/2026/01/Microsoft-AI-Diffusion-Report-2025-H2.pdf
Panama,2025-H1,20.3,,"Microsoft AI Economy Institute, Global AI Adoption in 2025 (H2 2025 report, January 2026)",Microsoft,https://www.microsoft.com/en-us/research/wp-content/uploads/2026/01/Microsoft-AI-Diffusion-Report-2025-H2.pdf
Panama,2025-H2,21.5,44,"Microsoft AI Economy Institute, Global AI Adoption in 2025 (H2 2025 report, January 2026)",Microsoft,https://www.microsoft.com/en-us/research/wp-content/uploads/2026/01/Microsoft-AI-Diffusion-Report-2025-H2.pdf
Serbia,2025-H1,19.7,,"Microsoft AI Economy Institute, Global AI Adoption in 2025 (H2 2025 report, January 2026)",Microsoft,https://www.microsoft.com/en-us/research/wp-content/uploads/2026/01/Microsoft-AI-Diffusion-Report-2025-H2.pdf
Serbia,2025-H2,21.5,45,"Microsoft AI Economy Institute, Global AI Adoption in 2025 (H2 2025 report, January 2026)",Microsoft,https://www.microsoft.com/en-us/research/wp-content/uploads/2026/01/Microsoft-AI-Diffusion-Report-2025-H2.pdf
South Africa,2025-H1,19.3,,"Microsoft AI Economy Institute, Global AI Adoption in 2025 (H2 2025 report, January 2026)",Microsoft,https://www.microsoft.com/en-us/research/wp-content/uploads/2026/01/Microsoft-AI-Diffusion-Report-2025-H2.pdf
South Africa,2025-H2,21.1,46,"Microsoft AI Economy Institute, Global AI Adoption in 2025 (H2 2025 report, January 2026)",Microsoft,https://www.microsoft.com/en-us/research/wp-content/uploads/2026/01/Microsoft-AI-Diffusion-Report-2025-H2.pdf
Chile,2025-H1,19.6,,"Microsoft AI Economy Institute, Global AI Adoption in 2025 (H2 2025 report, January 2026)",Microsoft,https://www.microsoft.com/en-us/research/wp-content/uploads/2026/01/Microsoft-AI-Diffusion-Report-2025-H2.pdf
Chile,2025-H2,20.8,47,"Microsoft AI Economy Institute, Global AI Adoption in 2025 (H2 2025 report, January 2026)",Microsoft,https://www.microsoft.com/en-us/research/wp-content/uploads/2026/01/Microsoft-AI-Diffusion-Report-2025-H2.pdf
Malaysia,2025-H1,18.3,,"Microsoft AI Economy Institute, Global AI Adoption in 2025 (H2 2025 report, January 2026)",Microsoft,https://www.microsoft.com/en-us/research/wp-content/uploads/2026/01/Microsoft-AI-Diffusion-Report-2025-H2.pdf
Malaysia,2025-H2,19.7,48,"Microsoft AI Economy Institute, Global AI Adoption in 2025 (H2 2025 report, January 2026)",Microsoft,https://www.microsoft.com/en-us/research/wp-content/uploads/2026/01/Microsoft-AI-Diffusion-Report-2025-H2.pdf
Argentina,2025-H1,17.8,,"Microsoft AI Economy Institute, Global AI Adoption in 2025 (H2 2025 report, January 2026)",Microsoft,https://www.microsoft.com/en-us/research/wp-content/uploads/2026/01/Microsoft-AI-Diffusion-Report-2025-H2.pdf
Argentina,2025-H2,19.6,49,"Microsoft AI Economy Institute, Global AI Adoption in 2025 (H2 2025 report, January 2026)",Microsoft,https://www.microsoft.com/en-us/research/wp-content/uploads/2026/01/Microsoft-AI-Diffusion-Report-2025-H2.pdf
Bosnia and Herzegovina,2025-H1,18.2,,"Microsoft AI Economy Institute, Global AI Adoption in 2025 (H2 2025 report, January 2026)",Microsoft,https://www.microsoft.com/en-us/research/wp-content/uploads/2026/01/Microsoft-AI-Diffusion-Report-2025-H2.pdf
Bosnia and Herzegovina,2025-H2,19.5,50,"Microsoft AI Economy Institute, Global AI Adoption in 2025 (H2 2025 report, January 2026)",Microsoft,https://www.microsoft.com/en-us/research/wp-content/uploads/2026/01/Microsoft-AI-Diffusion-Report-2025-H2.pdf
Kuwait,2025-H1,17.7,,"Microsoft AI Economy Institute, Global AI Adoption in 2025 (H2 2025 report, January 2026)",Microsoft,https://www.microsoft.com/en-us/research/wp-content/uploads/2026/01/Microsoft-AI-Diffusion-Report-2025-H2.pdf
Kuwait,2025-H2,19.1,51,"Microsoft AI Economy Institute, Global AI Adoption in 2025 (H2 2025 report, January 2026)",Microsoft,https://www.microsoft.com/en-us/research/wp-content/uploads/2026/01/Microsoft-AI-Diffusion-Report-2025-H2.pdf
Greece,2025-H1,17.7,,"Microsoft AI Economy Institute, Global AI Adoption in 2025 (H2 2025 report, January 2026)",Microsoft,https://www.microsoft.com/en-us/research/wp-content/uploads/2026/01/Microsoft-AI-Diffusion-Report-2025-H2.pdf
Greece,2025-H2,19.1,52,"Microsoft AI Economy Institute, Global AI Adoption in 2025 (H2 2025 report, January 2026)",Microsoft,https://www.microsoft.com/en-us/research/wp-content/uploads/2026/01/Microsoft-AI-Diffusion-Report-2025-H2.pdf
Japan,2025-H1,16.7,,"Microsoft AI Economy Institute, Global AI Adoption in 2025 (H2 2025 report, January 2026)",Microsoft,https://www.microsoft.com/en-us/research/wp-content/uploads/2026/01/Microsoft-AI-Diffusion-Report-2025-H2.pdf
Japan,2025-H2,19.1,53,"Microsoft AI Economy Institute, Global AI Adoption in 2025 (H2 2025 report, January 2026)",Microsoft,https://www.microsoft.com/en-us/research/wp-content/uploads/2026/01/Microsoft-AI-Diffusion-Report-2025-H2.pdf
Philippines,2025-H1,17.1,,"Microsoft AI Economy Institute, Global AI Adoption in 2025 (H2 2025 report, January 2026)",Microsoft,https://www.microsoft.com/en-us/research/wp-content/uploads/2026/01/Microsoft-AI-Diffusion-Report-2025-H2.pdf
Philippines,2025-H2,18.3,54,"Microsoft AI Economy Institute, Global AI Adoption in 2025 (H2 2025 report, January 2026)",Microsoft,https://www.microsoft.com/en-us/research/wp-content/uploads/2026/01/Microsoft-AI-Diffusion-Report-2025-H2.pdf
Georgia,2025-H1,17.3,,"Microsoft AI Economy Institute, Global AI Adoption in 2025 (H2 2025 report, January 2026)",Microsoft,https://www.microsoft.com/en-us/research/wp-content/uploads/2026/01/Microsoft-AI-Diffusion-Report-2025-H2.pdf
Georgia,2025-H2,18.2,55,"Microsoft AI Economy Institute, Global AI Adoption in 2025 (H2 2025 report, January 2026)",Microsoft,https://www.microsoft.com/en-us/research/wp-content/uploads/2026/01/Microsoft-AI-Diffusion-Report-2025-H2.pdf
Mexico,2025-H1,16.7,,"Microsoft AI Economy Institute, Global AI Adoption in 2025 (H2 2025 report, January 2026)",Microsoft,https://www.microsoft.com/en-us/research/wp-content/uploads/2026/01/Microsoft-AI-Diffusion-Report-2025-H2.pdf
Mexico,2025-H2,17.8,56,"Microsoft AI Economy Institute, Global AI Adoption in 2025 (H2 2025 report, January 2026)",Microsoft,https://www.microsoft.com/en-us/research/wp-content/uploads/2026/01/Microsoft-AI-Diffusion-Report-2025-H2.pdf
Ecuador,2025-H1,17.0,,"Microsoft AI Economy Institute, Global AI Adoption in 2025 (H2 2025 report, January 2026)",Microsoft,https://www.microsoft.com/en-us/research/wp-content/uploads/2026/01/Microsoft-AI-Diffusion-Report-2025-H2.pdf
Ecuador,2025-H2,17.7,57,"Microsoft AI Economy Institute, Global AI Adoption in 2025 (H2 2025 report, January 2026)",Microsoft,https://www.microsoft.com/en-us/research/wp-content/uploads/2026/01/Microsoft-AI-Diffusion-Report-2025-H2.pdf
Brazil,2025-H1,15.6,,"Microsoft AI Economy Institute, Global AI Adoption in 2025 (H2 2025 report, January 2026)",Microsoft,https://www.microsoft.com/en-us/research/wp-content/uploads/2026/01/Microsoft-AI-Diffusion-Report-2025-H2.pdf
Brazil,2025-H2,17.1,58,"Microsoft AI Economy Institute, Global AI Adoption in 2025 (H2 2025 report, January 2026)",Microsoft,https://www.microsoft.com/en-us/research/wp-content/uploads/2026/01/Microsoft-AI-Diffusion-Report-2025-H2.pdf
Moldova,2025-H1,16.6,,"Microsoft AI Economy Institute, Global AI Adoption in 2025 (H2 2025 report, January 2026)",Microsoft,https://www.microsoft.com/en-us/research/wp-content/uploads/2026/01/Microsoft-AI-Diffusion-Report-2025-H2.pdf
Moldova,2025-H2,17.0,59,"Microsoft AI Economy Institute, Global AI Adoption in 2025 (H2 2025 report, January 2026)",Microsoft,https://www.microsoft.com/en-us/research/wp-content/uploads/2026/01/Microsoft-AI-Diffusion-Report-2025-H2.pdf
Albania,2025-H1,15.8,,"Microsoft AI Economy Institute, Global AI Adoption in 2025 (H2 2025 report, January 2026)",Microsoft,https://www.microsoft.com/en-us/research/wp-content/uploads/2026/01/Microsoft-AI-Diffusion-Report-2025-H2.pdf
Albania,2025-H2,16.5,60,"Microsoft AI Economy Institute, Global AI Adoption in 2025 (H2 2025 report, January 2026)",Microsoft,https://www.microsoft.com/en-us/research/wp-content/uploads/2026/01/Microsoft-AI-Diffusion-Report-2025-H2.pdf
China,2025-H1,15.4,,"Microsoft AI Economy Institute, Global AI Adoption in 2025 (H2 2025 report, January 2026)",Microsoft,https://www.microsoft.com/en-us/research/wp-content/uploads/2026/01/Microsoft-AI-Diffusion-Report-2025-H2.pdf
China,2025-H2,16.3,61,"Microsoft AI Economy Institute, Global AI Adoption in 2025 (H2 2025 report, January 2026)",Microsoft,https://www.microsoft.com/en-us/research/wp-content/uploads/2026/01/Microsoft-AI-Diffusion-Report-2025-H2.pdf
Romania,2025-H1,15.3,,"Microsoft AI Economy Institute, Global AI Adoption in 2025 (H2 2025 report, January 2026)",Microsoft,https://www.microsoft.com/en-us/research/wp-content/uploads/2026/01/Microsoft-AI-Diffusion-Report-2025-H2.pdf
Romania,2025-H2,16.2,62,"Microsoft AI Economy Institute, Global AI Adoption in 2025 (H2 2025 report, January 2026)",Microsoft,https://www.microsoft.com/en-us/research/wp-content/uploads/2026/01/Microsoft-AI-Diffusion-Report-2025-H2.pdf
El Salvador,2025-H1,14.6,,"Microsoft AI Economy Institute, Global AI Adoption in 2025 (H2 2025 report, January 2026)",Microsoft,https://www.microsoft.com/en-us/research/wp-content/uploads/2026/01/Microsoft-AI-Diffusion-Report-2025-H2.pdf
El Salvador,2025-H2,16.2,63,"Microsoft AI Economy Institute, Global AI Adoption in 2025 (H2 2025 report, January 2026)",Microsoft,https://www.microsoft.com/en-us/research/wp-content/uploads/2026/01/Microsoft-AI-Diffusion-Report-2025-H2.pdf
India,2025-H1,14.2,,"Microsoft AI Economy Institute, Global AI Adoption in 2025 (H2 2025 report, January 2026)",Microsoft,https://www.microsoft.com/en-us/research/wp-content/uploads/2026/01/Microsoft-AI-Diffusion-Report-2025-H2.pdf
India,2025-H2,15.7,64,"Microsoft AI Economy Institute, Global AI Adoption in 2025 (H2 2025 report, January 2026)",Microsoft,https://www.microsoft.com/en-us/research/wp-content/uploads/2026/01/Microsoft-AI-Diffusion-Report-2025-H2.pdf
Azerbaijan,2025-H1,14.2,,"Microsoft AI Economy Institute, Global AI Adoption in 2025 (H2 2025 report, January 2026)",Microsoft,https://www.microsoft.com/en-us/research/wp-content/uploads/2026/01/Microsoft-AI-Diffusion-Report-2025-H2.pdf
Azerbaijan,2025-H2,15.5,65,"Microsoft AI Economy Institute, Global AI Adoption in 2025 (H2 2025 report, January 2026)",Microsoft,https://www.microsoft.com/en-us/research/wp-content/uploads/2026/01/Microsoft-AI-Diffusion-Report-2025-H2.pdf
Guatemala,2025-H1,13.7,,"Microsoft AI Economy Institute, Global AI Adoption in 2025 (H2 2025 report, January 2026)",Microsoft,https://www.microsoft.com/en-us/research/wp-content/uploads/2026/01/Microsoft-AI-Diffusion-Report-2025-H2.pdf
Guatemala,2025-H2,14.8,66,"Microsoft AI Economy Institute, Global AI Adoption in 2025 (H2 2025 report, January 2026)",Microsoft,https://www.microsoft.com/en-us/research/wp-content/uploads/2026/01/Microsoft-AI-Diffusion-Report-2025-H2.pdf
Peru,2025-H1,13.4,,"Microsoft AI Economy Institute, Global AI Adoption in 2025 (H2 2025 report, January 2026)",Microsoft,https://www.microsoft.com/en-us/research/wp-content/uploads/2026/01/Microsoft-AI-Diffusion-Report-2025-H2.pdf
Peru,2025-H2,14.7,67,"Microsoft AI Economy Institute, Global AI Adoption in 2025 (H2 2025 report, January 2026)",Microsoft,https://www.microsoft.com/en-us/research/wp-content/uploads/2026/01/Microsoft-AI-Diffusion-Report-2025-H2.pdf
Turkey,2025-H1,13.4,,"Microsoft AI Economy Institute, Global AI Adoption in 2025 (H2 2025 report, January 2026)",Microsoft,https://www.microsoft.com/en-us/research/wp-content/uploads/2026/01/Microsoft-AI-Diffusion-Report-2025-H2.pdf
Turkey,2025-H2,14.6,68,"Microsoft AI Economy Institute, Global AI Adoption in 2025 (H2 2025 report, January 2026)",Microsoft,https://www.microsoft.com/en-us/research/wp-content/uploads/2026/01/Microsoft-AI-Diffusion-Report-2025-H2.pdf
Mongolia,2025-H1,12.6,,"Microsoft AI Economy Institute, Global AI Adoption in 2025 (H2 2025 report, January 2026)",Microsoft,https://www.microsoft.com/en-us/research/wp-content/uploads/2026/01/Microsoft-AI-Diffusion-Report-2025-H2.pdf
Mongolia,2025-H2,14.3,69,"Microsoft AI Economy Institute, Global AI Adoption in 2025 (H2 2025 report, January 2026)",Microsoft,https://www.microsoft.com/en-us/research/wp-content/uploads/2026/01/Microsoft-AI-Diffusion-Report-2025-H2.pdf
Namibia,2025-H1,13.0,,"Microsoft AI Economy Institute, Global AI Adoption in 2025 (H2 2025 report, January 2026)",Microsoft,https://www.microsoft.com/en-us/research/wp-content/uploads/2026/01/Microsoft-AI-Diffusion-Report-2025-H2.pdf
Namibia,2025-H2,13.8,70,"Microsoft AI Economy Institute, Global AI Adoption in 2025 (H2 2025 report, January 2026)",Microsoft,https://www.microsoft.com/en-us/research/wp-content/uploads/2026/01/Microsoft-AI-Diffusion-Report-2025-H2.pdf
Libya,2025-H1,12.7,,"Microsoft AI Economy Institute, Global AI Adoption in 2025 (H2 2025 report, January 2026)",Microsoft,https://www.microsoft.com/en-us/research/wp-content/uploads/2026/01/Microsoft-AI-Diffusion-Report-2025-H2.pdf
Libya,2025-H2,13.7,71,"Microsoft AI Economy Institute, Global AI Adoption in 2025 (H2 2025 report, January 2026)",Microsoft,https://www.microsoft.com/en-us/research/wp-content/uploads/2026/01/Microsoft-AI-Diffusion-Report-2025-H2.pdf
Kazakhstan,2025-H1,12.7,,"Microsoft AI Economy Institute, Global AI Adoption in 2025 (H2 2025 report, January 2026)",Microsoft,https://www.microsoft.com/en-us/research/wp-content/uploads/2026/01/Microsoft-AI-Diffusion-Report-2025-H2.pdf
Kazakhstan,2025-H2,13.7,72,"Microsoft AI Economy Institute, Global AI Adoption in 2025 (H2 2025 report, January 2026)",Microsoft,https://www.microsoft.com/en-us/research/wp-content/uploads/2026/01/Microsoft-AI-Diffusion-Report-2025-H2.pdf
Botswana,2025-H1,12.8,,"Microsoft AI Economy Institute, Global AI Adoption in 2025 (H2 2025 report, January 2026)",Microsoft,https://www.microsoft.com/en-us/research/wp-content/uploads/2026/01/Microsoft-AI-Diffusion-Report-2025-H2.pdf
Botswana,2025-H2,13.7,73,"Microsoft AI Economy Institute, Global AI Adoption in 2025 (H2 2025 report, January 2026)",Microsoft,https://www.microsoft.com/en-us/research/wp-content/uploads/2026/01/Microsoft-AI-Diffusion-Report-2025-H2.pdf
Gabon,2025-H1,12.3,,"Microsoft AI Economy Institute, Global AI Adoption in 2025 (H2 2025 report, January 2026)",Microsoft,https://www.microsoft.com/en-us/research/wp-content/uploads/2026/01/Microsoft-AI-Diffusion-Report-2025-H2.pdf
Gabon,2025-H2,13.4,74,"Microsoft AI Economy Institute, Global AI Adoption in 2025 (H2 2025 report, January 2026)",Microsoft,https://www.microsoft.com/en-us/research/wp-content/uploads/2026/01/Microsoft-AI-Diffusion-Report-2025-H2.pdf
Egypt,2025-H1,12.5,,"Microsoft AI Economy Institute, Global AI Adoption in 2025 (H2 2025 report, January 2026)",Microsoft,https://www.microsoft.com/en-us/research/wp-content/uploads/2026/01/Microsoft-AI-Diffusion-Report-2025-H2.pdf
Egypt,2025-H2,13.4,75,"Microsoft AI Economy Institute, Global AI Adoption in 2025 (H2 2025 report, January 2026)",Microsoft,https://www.microsoft.com/en-us/research/wp-content/uploads/2026/01/Microsoft-AI-Diffusion-Report-2025-H2.pdf
Honduras,2025-H1,12.4,,"Microsoft AI Economy Institute, Global AI Adoption in 2025 (H2 2025 report, January 2026)",Microsoft,https://www.microsoft.com/en-us/research/wp-content/uploads/2026/01/Microsoft-AI-Diffusion-Report-2025-H2.pdf
Honduras,2025-H2,13.1,76,"Microsoft AI Economy Institute, Global AI Adoption in 2025 (H2 2025 report, January 2026)",Microsoft,https://www.microsoft.com/en-us/research/wp-content/uploads/2026/01/Microsoft-AI-Diffusion-Report-2025-H2.pdf
Nepal,2025-H1,12.3,,"Microsoft AI Economy Institute, Global AI Adoption in 2025 (H2 2025 report, January 2026)",Microsoft,https://www.microsoft.com/en-us/research/wp-content/uploads/2026/01/Microsoft-AI-Diffusion-Report-2025-H2.pdf
Nepal,2025-H2,13.0,77,"Microsoft AI Economy Institute, Global AI Adoption in 2025 (H2 2025 report, January 2026)",Microsoft,https://www.microsoft.com/en-us/research/wp-content/uploads/2026/01/Microsoft-AI-Diffusion-Report-2025-H2.pdf
Senegal,2025-H1,12.4,,"Microsoft AI Economy Institute, Global AI Adoption in 2025 (H2 2025 report, January 2026)",Microsoft,https://www.microsoft.com/en-us/research/wp-content/uploads/2026/01/Microsoft-AI-Diffusion-Report-2025-H2.pdf
Senegal,2025-H2,12.9,78,"Microsoft AI Economy Institute, Global AI Adoption in 2025 (H2 2025 report, January 2026)",Microsoft,https://www.microsoft.com/en-us/research/wp-content/uploads/2026/01/Microsoft-AI-Diffusion-Report-2025-H2.pdf
Indonesia,2025-H1,11.7,,"Microsoft AI Economy Institute, Global AI Adoption in 2025 (H2 2025 report, January 2026)",Microsoft,https://www.microsoft.com/en-us/research/wp-content/uploads/2026/01/Microsoft-AI-Diffusion-Report-2025-H2.pdf
Indonesia,2025-H2,12.7,79,"Microsoft AI Economy Institute, Global AI Adoption in 2025 (H2 2025 report, January 2026)",Microsoft,https://www.microsoft.com/en-us/research/wp-content/uploads/2026/01/Microsoft-AI-Diffusion-Report-2025-H2.pdf
Tunisia,2025-H1,12.3,,"Microsoft AI Economy Institute, Global AI Adoption in 2025 (H2 2025 report, January 2026)",Microsoft,https://www.microsoft.com/en-us/research/wp-content/uploads/2026/01/Microsoft-AI-Diffusion-Report-2025-H2.pdf
Tunisia,2025-H2,12.7,80,"Microsoft AI Economy Institute, Global AI Adoption in 2025 (H2 2025 report, January 2026)",Microsoft,https://www.microsoft.com/en-us/research/wp-content/uploads/2026/01/Microsoft-AI-Diffusion-Report-2025-H2.pdf
Zambia,2025-H1,11.7,,"Microsoft AI Economy Institute, Global AI Adoption in 2025 (H2 2025 report, January 2026)",Microsoft,https://www.microsoft.com/en-us/research/wp-content/uploads/2026/01/Microsoft-AI-Diffusion-Report-2025-H2.pdf
Zambia,2025-H2,12.3,81,"Microsoft AI Economy Institute, Global AI Adoption in 2025 (H2 2025 report, January 2026)",Microsoft,https://www.microsoft.com/en-us/research/wp-content/uploads/2026/01/Microsoft-AI-Diffusion-Report-2025-H2.pdf
Algeria,2025-H1,11.3,,"Microsoft AI Economy Institute, Global AI Adoption in 2025 (H2 2025 report, January 2026)",Microsoft,https://www.microsoft.com/en-us/research/wp-content/uploads/2026/01/Microsoft-AI-Diffusion-Report-2025-H2.pdf
Algeria,2025-H2,12.0,82,"Microsoft AI Economy Institute, Global AI Adoption in 2025 (H2 2025 report, January 2026)",Microsoft,https://www.microsoft.com/en-us/research/wp-content/uploads/2026/01/Microsoft-AI-Diffusion-Report-2025-H2.pdf
Cote d'Ivoire,2025-H1,10.8,,"Microsoft AI Economy Institute, Global AI Adoption in 2025 (H2 2025 report, January 2026)",Microsoft,https://www.microsoft.com/en-us/research/wp-content/uploads/2026/01/Microsoft-AI-Diffusion-Report-2025-H2.pdf
Cote d'Ivoire,2025-H2,11.7,83,"Microsoft AI Economy Institute, Global AI Adoption in 2025 (H2 2025 report, January 2026)",Microsoft,https://www.microsoft.com/en-us/research/wp-content/uploads/2026/01/Microsoft-AI-Diffusion-Report-2025-H2.pdf
Bolivia,2025-H1,10.9,,"Microsoft AI Economy Institute, Global AI Adoption in 2025 (H2 2025 report, January 2026)",Microsoft,https://www.microsoft.com/en-us/research/wp-content/uploads/2026/01/Microsoft-AI-Diffusion-Report-2025-H2.pdf
Bolivia,2025-H2,11.6,84,"Microsoft AI Economy Institute, Global AI Adoption in 2025 (H2 2025 report, January 2026)",Microsoft,https://www.microsoft.com/en-us/research/wp-content/uploads/2026/01/Microsoft-AI-Diffusion-Report-2025-H2.pdf
Iraq,2025-H1,10.3,,"Microsoft AI Economy Institute, Global AI Adoption in 2025 (H2 2025 report, January 2026)",Microsoft,https://www.microsoft.com/en-us/research/wp-content/uploads/2026/01/Microsoft-AI-Diffusion-Report-2025-H2.pdf
Iraq,2025-H2,11.2,85,"Microsoft AI Economy Institute, Global AI Adoption in 2025 (H2 2025 report, January 2026)",Microsoft,https://www.microsoft.com/en-us/research/wp-content/uploads/2026/01/Microsoft-AI-Diffusion-Report-2025-H2.pdf
Paraguay,2025-H1,10.1,,"Microsoft AI Economy Institute, Global AI Adoption in 2025 (H2 2025 report, January 2026)",Microsoft,https://www.microsoft.com/en-us/research/wp-content/uploads/2026/01/Microsoft-AI-Diffusion-Report-2025-H2.pdf
Paraguay,2025-H2,11.0,86,"Microsoft AI Economy Institute, Global AI Adoption in 2025 (H2 2025 report, January 2026)",Microsoft,https://www.microsoft.com/en-us/research/wp-content/uploads/2026/01/Microsoft-AI-Diffusion-Report-2025-H2.pdf
Morocco,2025-H1,10.5,,"Microsoft AI Economy Institute, Global AI Adoption in 2025 (H2 2025 report, January 2026)",Microsoft,https://www.microsoft.com/en-us/research/wp-content/uploads/2026/01/Microsoft-AI-Diffusion-Report-2025-H2.pdf
Morocco,2025-H2,10.9,87,"Microsoft AI Economy Institute, Global AI Adoption in 2025 (H2 2025 report, January 2026)",Microsoft,https://www.microsoft.com/en-us/research/wp-content/uploads/2026/01/Microsoft-AI-Diffusion-Report-2025-H2.pdf
Gambia,2025-H1,10.6,,"Microsoft AI Economy Institute, Global AI Adoption in 2025 (H2 2025 report, January 2026)",Microsoft,https://www.microsoft.com/en-us/research/wp-content/uploads/2026/01/Microsoft-AI-Diffusion-Report-2025-H2.pdf
Gambia,2025-H2,10.9,88,"Microsoft AI Economy Institute, Global AI Adoption in 2025 (H2 2025 report, January 2026)",Microsoft,https://www.microsoft.com/en-us/research/wp-content/uploads/2026/01/Microsoft-AI-Diffusion-Report-2025-H2.pdf
Thailand,2025-H1,9.1,,"Microsoft AI Economy Institute, Global AI Adoption in 2025 (H2 2025 report, January 2026)",Microsoft,https://www.microsoft.com/en-us/research/wp-content/uploads/2026/01/Microsoft-AI-Diffusion-Report-2025-H2.pdf
Thailand,2025-H2,10.7,89,"Microsoft AI Economy Institute, Global AI Adoption in 2025 (H2 2025 report, January 2026)",Microsoft,https://www.microsoft.com/en-us/research/wp-content/uploads/2026/01/Microsoft-AI-Diffusion-Report-2025-H2.pdf
Nicaragua,2025-H1,10.0,,"Microsoft AI Economy Institute, Global AI Adoption in 2025 (H2 2025 report, January 2026)",Microsoft,https://www.microsoft.com/en-us/research/wp-content/uploads/2026/01/Microsoft-AI-Diffusion-Report-2025-H2.pdf
Nicaragua,2025-H2,10.7,90,"Microsoft AI Economy Institute, Global AI Adoption in 2025 (H2 2025 report, January 2026)",Microsoft,https://www.microsoft.com/en-us/research/wp-content/uploads/2026/01/Microsoft-AI-Diffusion-Report-2025-H2.pdf
Iran,2025-H1,9.6,,"Microsoft AI Economy Institute, Global AI Adoption in 2025 (H2 2025 report, January 2026)",Microsoft,https://www.microsoft.com/en-us/research/wp-content/uploads/2026/01/Microsoft-AI-Diffusion-Report-2025-H2.pdf
Iran,2025-H2,10.7,91,"Microsoft AI Economy Institute, Global AI Adoption in 2025 (H2 2025 report, January 2026)",Microsoft,https://www.microsoft.com/en-us/research/wp-content/uploads/2026/01/Microsoft-AI-Diffusion-Report-2025-H2.pdf
Pakistan,2025-H1,9.7,,"Microsoft AI Economy Institute, Global AI Adoption in 2025 (H2 2025 report, January 2026)",Microsoft,https://www.microsoft.com/en-us/research/wp-content/uploads/2026/01/Microsoft-AI-Diffusion-Report-2025-H2.pdf
Pakistan,2025-H2,10.3,92,"Microsoft AI Economy Institute, Global AI Adoption in 2025 (H2 2025 report, January 2026)",Microsoft,https://www.microsoft.com/en-us/research/wp-content/uploads/2026/01/Microsoft-AI-Diffusion-Report-2025-H2.pdf
Angola,2025-H1,8.9,,"Microsoft AI Economy Institute, Global AI Adoption in 2025 (H2 2025 report, January 2026)",Microsoft,https://www.microsoft.com/en-us/research/wp-content/uploads/2026/01/Microsoft-AI-Diffusion-Report-2025-H2.pdf
Angola,2025-H2,9.7,93,"Microsoft AI Economy Institute, Global AI Adoption in 2025 (H2 2025 report, January 2026)",Microsoft,https://www.microsoft.com/en-us/research/wp-content/uploads/2026/01/Microsoft-AI-Diffusion-Report-2025-H2.pdf
Madagascar,2025-H1,8.9,,"Microsoft AI Economy Institute, Global AI Adoption in 2025 (H2 2025 report, January 2026)",Microsoft,https://www.microsoft.com/en-us/research/wp-content/uploads/2026/01/Microsoft-AI-Diffusion-Report-2025-H2.pdf
Madagascar,2025-H2,9.7,94,"Microsoft AI Economy Institute, Global AI Adoption in 2025 (H2 2025 report, January 2026)",Microsoft,https://www.microsoft.com/en-us/research/wp-content/uploads/2026/01/Microsoft-AI-Diffusion-Report-2025-H2.pdf
Malawi,2025-H1,8.9,,"Microsoft AI Economy Institute, Global AI Adoption in 2025 (H2 2025 report, January 2026)",Microsoft,https://www.microsoft.com/en-us/research/wp-content/uploads/2026/01/Microsoft-AI-Diffusion-Report-2025-H2.pdf
Malawi,2025-H2,9.7,95,"Microsoft AI Economy Institute, Global AI Adoption in 2025 (H2 2025 report, January 2026)",Microsoft,https://www.microsoft.com/en-us/research/wp-content/uploads/2026/01/Microsoft-AI-Diffusion-Report-2025-H2.pdf
Mozambique,2025-H1,8.9,,"Microsoft AI Economy Institute, Global AI Adoption in 2025 (H2 2025 report, January 2026)",Microsoft,https://www.microsoft.com/en-us/research/wp-content/uploads/2026/01/Microsoft-AI-Diffusion-Report-2025-H2.pdf
Mozambique,2025-H2,9.7,96,"Microsoft AI Economy Institute, Global AI Adoption in 2025 (H2 2025 report, January 2026)",Microsoft,https://www.microsoft.com/en-us/research/wp-content/uploads/2026/01/Microsoft-AI-Diffusion-Report-2025-H2.pdf
Benin,2025-H1,8.7,,"Microsoft AI Economy Institute, Global AI Adoption in 2025 (H2 2025 report, January 2026)",Microsoft,https://www.microsoft.com/en-us/research/wp-content/uploads/2026/01/Microsoft-AI-Diffusion-Report-2025-H2.pdf
Benin,2025-H2,9.3,97,"Microsoft AI Economy Institute, Global AI Adoption in 2025 (H2 2025 report, January 2026)",Microsoft,https://www.microsoft.com/en-us/research/wp-content/uploads/2026/01/Microsoft-AI-Diffusion-Report-2025-H2.pdf
Burkina Faso,2025-H1,8.7,,"Microsoft AI Economy Institute, Global AI Adoption in 2025 (H2 2025 report, January 2026)",Microsoft,https://www.microsoft.com/en-us/research/wp-content/uploads/2026/01/Microsoft-AI-Diffusion-Report-2025-H2.pdf
Burkina Faso,2025-H2,9.3,98,"Microsoft AI Economy Institute, Global AI Adoption in 2025 (H2 2025 report, January 2026)",Microsoft,https://www.microsoft.com/en-us/research/wp-content/uploads/2026/01/Microsoft-AI-Diffusion-Report-2025-H2.pdf
Ghana,2025-H1,8.7,,"Microsoft AI Economy Institute, Global AI Adoption in 2025 (H2 2025 report, January 2026)",Microsoft,https://www.microsoft.com/en-us/research/wp-content/uploads/2026/01/Microsoft-AI-Diffusion-Report-2025-H2.pdf
Ghana,2025-H2,9.3,99,"Microsoft AI Economy Institute, Global AI Adoption in 2025 (H2 2025 report, January 2026)",Microsoft,https://www.microsoft.com/en-us/research/wp-content/uploads/2026/01/Microsoft-AI-Diffusion-Report-2025-H2.pdf
Guinea,2025-H1,8.7,,"Microsoft AI Economy Institute, Global AI Adoption in 2025 (H2 2025 report, January 2026)",Microsoft,https://www.microsoft.com/en-us/research/wp-content/uploads/2026/01/Microsoft-AI-Diffusion-Report-2025-H2.pdf
Guinea,2025-H2,9.3,100,"Microsoft AI Economy Institute, Global AI Adoption in 2025 (H2 2025 report, January 2026)",Microsoft,https://www.microsoft.com/en-us/research/wp-content/uploads/2026/01/Microsoft-AI-Diffusion-Report-2025-H2.pdf
Guinea-Bissau,2025-H1,8.7,,"Microsoft AI Economy Institute, Global AI Adoption in 2025 (H2 2025 report, January 2026)",Microsoft,https://www.microsoft.com/en-us/research/wp-content/uploads/2026/01/Microsoft-AI-Diffusion-Report-2025-H2.pdf
Guinea-Bissau,2025-H2,9.3,101,"Microsoft AI Economy Institute, Global AI Adoption in 2025 (H2 2025 report, January 2026)",Microsoft,https://www.microsoft.com/en-us/research/wp-content/uploads/2026/01/Microsoft-AI-Diffusion-Report-2025-H2.pdf
Liberia,2025-H1,8.7,,"Microsoft AI Economy Institute, Global AI Adoption in 2025 (H2 2025 report, January 2026)",Microsoft,https://www.microsoft.com/en-us/research/wp-content/uploads/2026/01/Microsoft-AI-Diffusion-Report-2025-H2.pdf
Liberia,2025-H2,9.3,102,"Microsoft AI Economy Institute, Global AI Adoption in 2025 (H2 2025 report, January 2026)",Microsoft,https://www.microsoft.com/en-us/research/wp-content/uploads/2026/01/Microsoft-AI-Diffusion-Report-2025-H2.pdf
Mali,2025-H1,8.7,,"Microsoft AI Economy Institute, Global AI Adoption in 2025 (H2 2025 report, January 2026)",Microsoft,https://www.microsoft.com/en-us/research/wp-content/uploads/2026/01/Microsoft-AI-Diffusion-Report-2025-H2.pdf
Mali,2025-H2,9.3,103,"Microsoft AI Economy Institute, Global AI Adoption in 2025 (H2 2025 report, January 2026)",Microsoft,https://www.microsoft.com/en-us/research/wp-content/uploads/2026/01/Microsoft-AI-Diffusion-Report-2025-H2.pdf
Mauritania,2025-H1,8.7,,"Microsoft AI Economy Institute, Global AI Adoption in 2025 (H2 2025 report, January 2026)",Microsoft,https://www.microsoft.com/en-us/research/wp-content/uploads/2026/01/Microsoft-AI-Diffusion-Report-2025-H2.pdf
Mauritania,2025-H2,9.3,104,"Microsoft AI Economy Institute, Global AI Adoption in 2025 (H2 2025 report, January 2026)",Microsoft,https://www.microsoft.com/en-us/research/wp-content/uploads/2026/01/Microsoft-AI-Diffusion-Report-2025-H2.pdf
Niger,2025-H1,8.7,,"Microsoft AI Economy Institute, Global AI Adoption in 2025 (H2 2025 report, January 2026)",Microsoft,https://www.microsoft.com/en-us/research/wp-content/uploads/2026/01/Microsoft-AI-Diffusion-Report-2025-H2.pdf
Niger,2025-H2,9.3,105,"Microsoft AI Economy Institute, Global AI Adoption in 2025 (H2 2025 report, January 2026)",Microsoft,https://www.microsoft.com/en-us/research/wp-content/uploads/2026/01/Microsoft-AI-Diffusion-Report-2025-H2.pdf
Nigeria,2025-H1,8.7,,"Microsoft AI Economy Institute, Global AI Adoption in 2025 (H2 2025 report, January 2026)",Microsoft,https://www.microsoft.com/en-us/research/wp-content/uploads/2026/01/Microsoft-AI-Diffusion-Report-2025-H2.pdf
Nigeria,2025-H2,9.3,106,"Microsoft AI Economy Institute, Global AI Adoption in 2025 (H2 2025 report, January 2026)",Microsoft,https://www.microsoft.com/en-us/research/wp-content/uploads/2026/01/Microsoft-AI-Diffusion-Report-2025-H2.pdf
Sierra Leone,2025-H1,8.7,,"Microsoft AI Economy Institute, Global AI Adoption in 2025 (H2 2025 report, January 2026)",Microsoft,https://www.microsoft.com/en-us/research/wp-content/uploads/2026/01/Microsoft-AI-Diffusion-Report-2025-H2.pdf
Sierra Leone,2025-H2,9.3,107,"Microsoft AI Economy Institute, Global AI Adoption in 2025 (H2 2025 report, January 2026)",Microsoft,https://www.microsoft.com/en-us/research/wp-content/uploads/2026/01/Microsoft-AI-Diffusion-Report-2025-H2.pdf
Togo,2025-H1,8.7,,"Microsoft AI Economy Institute, Global AI Adoption in 2025 (H2 2025 report, January 2026)",Microsoft,https://www.microsoft.com/en-us/research/wp-content/uploads/2026/01/Microsoft-AI-Diffusion-Report-2025-H2.pdf
Togo,2025-H2,9.3,108,"Microsoft AI Economy Institute, Global AI Adoption in 2025 (H2 2025 report, January 2026)",Microsoft,https://www.microsoft.com/en-us/research/wp-content/uploads/2026/01/Microsoft-AI-Diffusion-Report-2025-H2.pdf
Lesotho,2025-H1,8.8,,"Microsoft AI Economy Institute, Global AI Adoption in 2025 (H2 2025 report, January 2026)",Microsoft,https://www.microsoft.com/en-us/research/wp-content/uploads/2026/01/Microsoft-AI-Diffusion-Report-2025-H2.pdf
Lesotho,2025-H2,9.1,109,"Microsoft AI Economy Institute, Global AI Adoption in 2025 (H2 2025 report, January 2026)",Microsoft,https://www.microsoft.com/en-us/research/wp-content/uploads/2026/01/Microsoft-AI-Diffusion-Report-2025-H2.pdf
Myanmar,2025-H1,8.4,,"Microsoft AI Economy Institute, Global AI Adoption in 2025 (H2 2025 report, January 2026)",Microsoft,https://www.microsoft.com/en-us/research/wp-content/uploads/2026/01/Microsoft-AI-Diffusion-Report-2025-H2.pdf
Myanmar,2025-H2,9.1,110,"Microsoft AI Economy Institute, Global AI Adoption in 2025 (H2 2025 report, January 2026)",Microsoft,https://www.microsoft.com/en-us/research/wp-content/uploads/2026/01/Microsoft-AI-Diffusion-Report-2025-H2.pdf
Ukraine,2025-H1,9.1,,"Microsoft AI Economy Institute, Global AI Adoption in 2025 (H2 2025 report, January 2026)",Microsoft,https://www.microsoft.com/en-us/research/wp-content/uploads/2026/01/Microsoft-AI-Diffusion-Report-2025-H2.pdf
Ukraine,2025-H2,9.0,111,"Microsoft AI Economy Institute, Global AI Adoption in 2025 (H2 2025 report, January 2026)",Microsoft,https://www.microsoft.com/en-us/research/wp-content/uploads/2026/01/Microsoft-AI-Diffusion-Report-2025-H2.pdf
French Guiana,2025-H1,8.3,,"Microsoft AI Economy Institute, Global AI Adoption in 2025 (H2 2025 report, January 2026)",Microsoft,https://www.microsoft.com/en-us/research/wp-content/uploads/2026/01/Microsoft-AI-Diffusion-Report-2025-H2.pdf
French Guiana,2025-H2,9.0,112,"Microsoft AI Economy Institute, Global AI Adoption in 2025 (H2 2025 report, January 2026)",Microsoft,https://www.microsoft.com/en-us/research/wp-content/uploads/2026/01/Microsoft-AI-Diffusion-Report-2025-H2.pdf
Guyana,2025-H1,8.3,,"Microsoft AI Economy Institute, Global AI Adoption in 2025 (H2 2025 report, January 2026)",Microsoft,https://www.microsoft.com/en-us/research/wp-content/uploads/2026/01/Microsoft-AI-Diffusion-Report-2025-H2.pdf
Guyana,2025-H2,9.0,113,"Microsoft AI Economy Institute, Global AI Adoption in 2025 (H2 2025 report, January 2026)",Microsoft,https://www.microsoft.com/en-us/research/wp-content/uploads/2026/01/Microsoft-AI-Diffusion-Report-2025-H2.pdf
Suriname,2025-H1,8.3,,"Microsoft AI Economy Institute, Global AI Adoption in 2025 (H2 2025 report, January 2026)",Microsoft,https://www.microsoft.com/en-us/research/wp-content/uploads/2026/01/Microsoft-AI-Diffusion-Report-2025-H2.pdf
Suriname,2025-H2,9.0,114,"Microsoft AI Economy Institute, Global AI Adoption in 2025 (H2 2025 report, January 2026)",Microsoft,https://www.microsoft.com/en-us/research/wp-content/uploads/2026/01/Microsoft-AI-Diffusion-Report-2025-H2.pdf
Venezuela,2025-H1,8.3,,"Microsoft AI Economy Institute, Global AI Adoption in 2025 (H2 2025 report, January 2026)",Microsoft,https://www.microsoft.com/en-us/research/wp-content/uploads/2026/01/Microsoft-AI-Diffusion-Report-2025-H2.pdf
Venezuela,2025-H2,9.0,115,"Microsoft AI Economy Institute, Global AI Adoption in 2025 (H2 2025 report, January 2026)",Microsoft,https://www.microsoft.com/en-us/research/wp-content/uploads/2026/01/Microsoft-AI-Diffusion-Report-2025-H2.pdf
Belarus,2025-H1,7.6,,"Microsoft AI Economy Institute, Global AI Adoption in 2025 (H2 2025 report, January 2026)",Microsoft,https://www.microsoft.com/en-us/research/wp-content/uploads/2026/01/Microsoft-AI-Diffusion-Report-2025-H2.pdf
Belarus,2025-H2,8.4,116,"Microsoft AI Economy Institute, Global AI Adoption in 2025 (H2 2025 report, January 2026)",Microsoft,https://www.microsoft.com/en-us/research/wp-content/uploads/2026/01/Microsoft-AI-Diffusion-Report-2025-H2.pdf
Kyrgyzstan,2025-H1,7.6,,"Microsoft AI Economy Institute, Global AI Adoption in 2025 (H2 2025 report, January 2026)",Microsoft,https://www.microsoft.com/en-us/research/wp-content/uploads/2026/01/Microsoft-AI-Diffusion-Report-2025-H2.pdf
Kyrgyzstan,2025-H2,8.2,117,"Microsoft AI Economy Institute, Global AI Adoption in 2025 (H2 2025 report, January 2026)",Microsoft,https://www.microsoft.com/en-us/research/wp-content/uploads/2026/01/Microsoft-AI-Diffusion-Report-2025-H2.pdf
Kenya,2025-H1,7.8,,"Microsoft AI Economy Institute, Global AI Adoption in 2025 (H2 2025 report, January 2026)",Microsoft,https://www.microsoft.com/en-us/research/wp-content/uploads/2026/01/Microsoft-AI-Diffusion-Report-2025-H2.pdf
Kenya,2025-H2,8.1,118,"Microsoft AI Economy Institute, Global AI Adoption in 2025 (H2 2025 report, January 2026)",Microsoft,https://www.microsoft.com/en-us/research/wp-content/uploads/2026/01/Microsoft-AI-Diffusion-Report-2025-H2.pdf
Russia,2025-H1,7.6,,"Microsoft AI Economy Institute, Global AI Adoption in 2025 (H2 2025 report, January 2026)",Microsoft,https://www.microsoft.com/en-us/research/wp-content/uploads/2026/01/Microsoft-AI-Diffusion-Report-2025-H2.pdf
Russia,2025-H2,8.0,119,"Microsoft AI Economy Institute, Global AI Adoption in 2025 (H2 2025 report, January 2026)",Microsoft,https://www.microsoft.com/en-us/research/wp-content/uploads/2026/01/Microsoft-AI-Diffusion-Report-2025-H2.pdf
Cameroon,2025-H1,7.0,,"Microsoft AI Economy Institute, Global AI Adoption in 2025 (H2 2025 report, January 2026)",Microsoft,https://www.microsoft.com/en-us/research/wp-content/uploads/2026/01/Microsoft-AI-Diffusion-Report-2025-H2.pdf
Cameroon,2025-H2,7.8,120,"Microsoft AI Economy Institute, Global AI Adoption in 2025 (H2 2025 report, January 2026)",Microsoft,https://www.microsoft.com/en-us/research/wp-content/uploads/2026/01/Microsoft-AI-Diffusion-Report-2025-H2.pdf
Central African Republic,2025-H1,7.0,,"Microsoft AI Economy Institute, Global AI Adoption in 2025 (H2 2025 report, January 2026)",Microsoft,https://www.microsoft.com/en-us/research/wp-content/uploads/2026/01/Microsoft-AI-Diffusion-Report-2025-H2.pdf
Central African Republic,2025-H2,7.8,121,"Microsoft AI Economy Institute, Global AI Adoption in 2025 (H2 2025 report, January 2026)",Microsoft,https://www.microsoft.com/en-us/research/wp-content/uploads/2026/01/Microsoft-AI-Diffusion-Report-2025-H2.pdf
Chad,2025-H1,7.0,,"Microsoft AI Economy Institute, Global AI Adoption in 2025 (H2 2025 report, January 2026)",Microsoft,https://www.microsoft.com/en-us/research/wp-content/uploads/2026/01/Microsoft-AI-Diffusion-Report-2025-H2.pdf
Chad,2025-H2,7.8,122,"Microsoft AI Economy Institute, Global AI Adoption in 2025 (H2 2025 report, January 2026)",Microsoft,https://www.microsoft.com/en-us/research/wp-content/uploads/2026/01/Microsoft-AI-Diffusion-Report-2025-H2.pdf
Congo,2025-H1,7.0,,"Microsoft AI Economy Institute, Global AI Adoption in 2025 (H2 2025 report, January 2026)",Microsoft,https://www.microsoft.com/en-us/research/wp-content/uploads/2026/01/Microsoft-AI-Diffusion-Report-2025-H2.pdf
Congo,2025-H2,7.8,123,"Microsoft AI Economy Institute, Global AI Adoption in 2025 (H2 2025 report, January 2026)",Microsoft,https://www.microsoft.com/en-us/research/wp-content/uploads/2026/01/Microsoft-AI-Diffusion-Report-2025-H2.pdf
Democratic Republic of the Congo,2025-H1,7.0,,"Microsoft AI Economy Institute, Global AI Adoption in 2025 (H2 2025 report, January 2026)",Microsoft,https://www.microsoft.com/en-us/research/wp-content/uploads/2026/01/Microsoft-AI-Diffusion-Report-2025-H2.pdf
Democratic Republic of the Congo,2025-H2,7.8,124,"Microsoft AI Economy Institute, Global AI Adoption in 2025 (H2 2025 report, January 2026)",Microsoft,https://www.microsoft.com/en-us/research/wp-content/uploads/2026/01/Microsoft-AI-Diffusion-Report-2025-H2.pdf
Haiti,2025-H1,7.1,,"Microsoft AI Economy Institute, Global AI Adoption in 2025 (H2 2025 report, January 2026)",Microsoft,https://www.microsoft.com/en-us/research/wp-content/uploads/2026/01/Microsoft-AI-Diffusion-Report-2025-H2.pdf
Haiti,2025-H2,7.6,125,"Microsoft AI Economy Institute, Global AI Adoption in 2025 (H2 2025 report, January 2026)",Microsoft,https://www.microsoft.com/en-us/research/wp-content/uploads/2026/01/Microsoft-AI-Diffusion-Report-2025-H2.pdf
Zimbabwe,2025-H1,6.9,,"Microsoft AI Economy Institute, Global AI Adoption in 2025 (H2 2025 report, January 2026)",Microsoft,https://www.microsoft.com/en-us/research/wp-content/uploads/2026/01/Microsoft-AI-Diffusion-Report-2025-H2.pdf
Zimbabwe,2025-H2,7.6,126,"Microsoft AI Economy Institute, Global AI Adoption in 2025 (H2 2025 report, January 2026)",Microsoft,https://www.microsoft.com/en-us/research/wp-content/uploads/2026/01/Microsoft-AI-Diffusion-Report-2025-H2.pdf
Papua New Guinea,2025-H1,7.2,,"Microsoft AI Economy Institute, Global AI Adoption in 2025 (H2 2025 report, January 2026)",Microsoft,https://www.microsoft.com/en-us/research/wp-content/uploads/2026/01/Microsoft-AI-Diffusion-Report-2025-H2.pdf
Papua New Guinea,2025-H2,7.3,127,"Microsoft AI Economy Institute, Global AI Adoption in 2025 (H2 2025 report, January 2026)",Microsoft,https://www.microsoft.com/en-us/research/wp-content/uploads/2026/01/Microsoft-AI-Diffusion-Report-2025-H2.pdf
Syria,2025-H1,6.7,,"Microsoft AI Economy Institute, Global AI Adoption in 2025 (H2 2025 report, January 2026)",Microsoft,https://www.microsoft.com/en-us/research/wp-content/uploads/2026/01/Microsoft-AI-Diffusion-Report-2025-H2.pdf
Syria,2025-H2,7.1,128,"Microsoft AI Economy Institute, Global AI Adoption in 2025 (H2 2025 report, January 2026)",Microsoft,https://www.microsoft.com/en-us/research/wp-content/uploads/2026/01/Microsoft-AI-Diffusion-Report-2025-H2.pdf
Bangladesh,2025-H1,6.5,,"Microsoft AI Economy Institute, Global AI Adoption in 2025 (H2 2025 report, January 2026)",Microsoft,https://www.microsoft.com/en-us/research/wp-content/uploads/2026/01/Microsoft-AI-Diffusion-Report-2025-H2.pdf
Bangladesh,2025-H2,7.1,129,"Microsoft AI Economy Institute, Global AI Adoption in 2025 (H2 2025 report, January 2026)",Microsoft,https://www.microsoft.com/en-us/research/wp-content/uploads/2026/01/Microsoft-AI-Diffusion-Report-2025-H2.pdf
Burundi,2025-H1,6.4,,"Microsoft AI Economy Institute, Global AI Adoption in 2025 (H2 2025 report, January 2026)",Microsoft,https://www.microsoft.com/en-us/research/wp-content/uploads/2026/01/Microsoft-AI-Diffusion-Report-2025-H2.pdf
Burundi,2025-H2,6.8,130,"Microsoft AI Economy Institute, Global AI Adoption in 2025 (H2 2025 report, January 2026)",Microsoft,https://www.microsoft.com/en-us/research/wp-content/uploads/2026/01/Microsoft-AI-Diffusion-Report-2025-H2.pdf
Eritrea,2025-H1,6.4,,"Microsoft AI Economy Institute, Global AI Adoption in 2025 (H2 2025 report, January 2026)",Microsoft,https://www.microsoft.com/en-us/research/wp-content/uploads/2026/01/Microsoft-AI-Diffusion-Report-2025-H2.pdf
Eritrea,2025-H2,6.8,131,"Microsoft AI Economy Institute, Global AI Adoption in 2025 (H2 2025 report, January 2026)",Microsoft,https://www.microsoft.com/en-us/research/wp-content/uploads/2026/01/Microsoft-AI-Diffusion-Report-2025-H2.pdf
Ethiopia,2025-H1,6.4,,"Microsoft AI Economy Institute, Global AI Adoption in 2025 (H2 2025 report, January 2026)",Microsoft,https://www.microsoft.com/en-us/research/wp-content/uploads/2026/01/Microsoft-AI-Diffusion-Report-2025-H2.pdf
Ethiopia,2025-H2,6.8,132,"Microsoft AI Economy Institute, Global AI Adoption in 2025 (H2 2025 report, January 2026)",Microsoft,https://www.microsoft.com/en-us/research/wp-content/uploads/2026/01/Microsoft-AI-Diffusion-Report-2025-H2.pdf
Somalia,2025-H1,6.4,,"Microsoft AI Economy Institute, Global AI Adoption in 2025 (H2 2025 report, January 2026)",Microsoft,https://www.microsoft.com/en-us/research/wp-content/uploads/2026/01/Microsoft-AI-Diffusion-Report-2025-H2.pdf
Somalia,2025-H2,6.8,133,"Microsoft AI Economy Institute, Global AI Adoption in 2025 (H2 2025 report, January 2026)",Microsoft,https://www.microsoft.com/en-us/research/wp-content/uploads/2026/01/Microsoft-AI-Diffusion-Report-2025-H2.pdf
South Sudan,2025-H1,6.4,,"Microsoft AI Economy Institute, Global AI Adoption in 2025 (H2 2025 report, January 2026)",Microsoft,https://www.microsoft.com/en-us/research/wp-content/uploads/2026/01/Microsoft-AI-Diffusion-Report-2025-H2.pdf
South Sudan,2025-H2,6.8,134,"Microsoft AI Economy Institute, Global AI Adoption in 2025 (H2 2025 report, January 2026)",Microsoft,https://www.microsoft.com/en-us/research/wp-content/uploads/2026/01/Microsoft-AI-Diffusion-Report-2025-H2.pdf
Sudan,2025-H1,6.4,,"Microsoft AI Economy Institute, Global AI Adoption in 2025 (H2 2025 report, January 2026)",Microsoft,https://www.microsoft.com/en-us/research/wp-content/uploads/2026/01/Microsoft-AI-Diffusion-Report-2025-H2.pdf
Sudan,2025-H2,6.8,135,"Microsoft AI Economy Institute, Global AI Adoption in 2025 (H2 2025 report, January 2026)",Microsoft,https://www.microsoft.com/en-us/research/wp-content/uploads/2026/01/Microsoft-AI-Diffusion-Report-2025-H2.pdf
Tanzania,2025-H1,6.4,,"Microsoft AI Economy Institute, Global AI Adoption in 2025 (H2 2025 report, January 2026)",Microsoft,https://www.microsoft.com/en-us/research/wp-content/uploads/2026/01/Microsoft-AI-Diffusion-Report-2025-H2.pdf
Tanzania,2025-H2,6.8,136,"Microsoft AI Economy Institute, Global AI Adoption in 2025 (H2 2025 report, January 2026)",Microsoft,https://www.microsoft.com/en-us/research/wp-content/uploads/2026/01/Microsoft-AI-Diffusion-Report-2025-H2.pdf
Uganda,2025-H1,6.4,,"Microsoft AI Economy Institute, Global AI Adoption in 2025 (H2 2025 report, January 2026)",Microsoft,https://www.microsoft.com/en-us/research/wp-content/uploads/2026/01/Microsoft-AI-Diffusion-Report-2025-H2.pdf
Uganda,2025-H2,6.8,137,"Microsoft AI Economy Institute, Global AI Adoption in 2025 (H2 2025 report, January 2026)",Microsoft,https://www.microsoft.com/en-us/research/wp-content/uploads/2026/01/Microsoft-AI-Diffusion-Report-2025-H2.pdf
Laos,2025-H1,6.0,,"Microsoft AI Economy Institute, Global AI Adoption in 2025 (H2 2025 report, January 2026)",Microsoft,https://www.microsoft.com/en-us/research/wp-content/uploads/2026/01/Microsoft-AI-Diffusion-Report-2025-H2.pdf
Laos,2025-H2,6.7,138,"Microsoft AI Economy Institute, Global AI Adoption in 2025 (H2 2025 report, January 2026)",Microsoft,https://www.microsoft.com/en-us/research/wp-content/uploads/2026/01/Microsoft-AI-Diffusion-Report-2025-H2.pdf
Armenia,2025-H1,6.2,,"Microsoft AI Economy Institute, Global AI Adoption in 2025 (H2 2025 report, January 2026)",Microsoft,https://www.microsoft.com/en-us/research/wp-content/uploads/2026/01/Microsoft-AI-Diffusion-Report-2025-H2.pdf
Armenia,2025-H2,6.6,139,"Microsoft AI Economy Institute, Global AI Adoption in 2025 (H2 2025 report, January 2026)",Microsoft,https://www.microsoft.com/en-us/research/wp-content/uploads/2026/01/Microsoft-AI-Diffusion-Report-2025-H2.pdf
Sri Lanka,2025-H1,6.2,,"Microsoft AI Economy Institute, Global AI Adoption in 2025 (H2 2025 report, January 2026)",Microsoft,https://www.microsoft.com/en-us/research/wp-content/uploads/2026/01/Microsoft-AI-Diffusion-Report-2025-H2.pdf
Sri Lanka,2025-H2,6.6,140,"Microsoft AI Economy Institute, Global AI Adoption in 2025 (H2 2025 report, January 2026)",Microsoft,https://www.microsoft.com/en-us/research/wp-content/uploads/2026/01/Microsoft-AI-Diffusion-Report-2025-H2.pdf
Uzbekistan,2025-H1,5.7,,"Microsoft AI Economy Institute, Global AI Adoption in 2025 (H2 2025 report, January 2026)",Microsoft,https://www.microsoft.com/en-us/research/wp-content/uploads/2026/01/Microsoft-AI-Diffusion-Report-2025-H2.pdf
Uzbekistan,2025-H2,6.3,141,"Microsoft AI Economy Institute, Global AI Adoption in 2025 (H2 2025 report, January 2026)",Microsoft,https://www.microsoft.com/en-us/research/wp-content/uploads/2026/01/Microsoft-AI-Diffusion-Report-2025-H2.pdf
Rwanda,2025-H1,6.0,,"Microsoft AI Economy Institute, Global AI Adoption in 2025 (H2 2025 report, January 2026)",Microsoft,https://www.microsoft.com/en-us/research/wp-content/uploads/2026/01/Microsoft-AI-Diffusion-Report-2025-H2.pdf
Rwanda,2025-H2,6.3,142,"Microsoft AI Economy Institute, Global AI Adoption in 2025 (H2 2025 report, January 2026)",Microsoft,https://www.microsoft.com/en-us/research/wp-content/uploads/2026/01/Microsoft-AI-Diffusion-Report-2025-H2.pdf
Cuba,2025-H1,5.7,,"Microsoft AI Economy Institute, Global AI Adoption in 2025 (H2 2025 report, January 2026)",Microsoft,https://www.microsoft.com/en-us/research/wp-content/uploads/2026/01/Microsoft-AI-Diffusion-Report-2025-H2.pdf
Cuba,2025-H2,6.1,143,"Microsoft AI Economy Institute, Global AI Adoption in 2025 (H2 2025 report, January 2026)",Microsoft,https://www.microsoft.com/en-us/research/wp-content/uploads/2026/01/Microsoft-AI-Diffusion-Report-2025-H2.pdf
Afghanistan,2025-H1,5.1,,"Microsoft AI Economy Institute, Global AI Adoption in 2025 (H2 2025 report, January 2026)",Microsoft,https://www.microsoft.com/en-us/research/wp-content/uploads/2026/01/Microsoft-AI-Diffusion-Report-2025-H2.pdf
Afghanistan,2025-H2,5.6,144,"Microsoft AI Economy Institute, Global AI Adoption in 2025 (H2 2025 report, January 2026)",Microsoft,https://www.microsoft.com/en-us/research/wp-content/uploads/2026/01/Microsoft-AI-Diffusion-Report-2025-H2.pdf
Tajikistan,2025-H1,5.1,,"Microsoft AI Economy Institute, Global AI Adoption in 2025 (H2 2025 report, January 2026)",Microsoft,https://www.microsoft.com/en-us/research/wp-content/uploads/2026/01/Microsoft-AI-Diffusion-Report-2025-H2.pdf
Tajikistan,2025-H2,5.6,145,"Microsoft AI Economy Institute, Global AI Adoption in 2025 (H2 2025 report, January 2026)",Microsoft,https://www.microsoft.com/en-us/research/wp-content/uploads/2026/01/Microsoft-AI-Diffusion-Report-2025-H2.pdf
Turkmenistan,2025-H1,5.1,,"Microsoft AI Economy Institute, Global AI Adoption in 2025 (H2 2025 report, January 2026)",Microsoft,https://www.microsoft.com/en-us/research/wp-content/uploads/2026/01/Microsoft-AI-Diffusion-Report-2025-H2.pdf
Turkmenistan,2025-H2,5.6,146,"Microsoft AI Economy Institute, Global AI Adoption in 2025 (H2 2025 report, January 2026)",Microsoft,https://www.microsoft.com/en-us/research/wp-content/uploads/2026/01/Microsoft-AI-Diffusion-Report-2025-H2.pdf
Cambodia,2025-H1,4.6,,"Microsoft AI Economy Institute, Global AI Adoption in 2025 (H2 2025 report, January 2026)",Microsoft,https://www.microsoft.com/en-us/research/wp-content/uploads/2026/01/Microsoft-AI-Diffusion-Report-2025-H2.pdf
Cambodia,2025-H2,5.1,147,"Microsoft AI Economy Institute, Global AI Adoption in 2025 (H2 2025 report, January 2026)",Microsoft,https://www.microsoft.com/en-us/research/wp-content/uploads/2026/01/Microsoft-AI-Diffusion-Report-2025-H2.pdf
